id,email,first_name,last_name,role
da7da4ff-f10c-4b89-ab64-ea7263f6b624,waltraud_ondricka@oreilly.org,Waltraud,Ondricka,
8c874087-9f1a-4c12-a4dc-4a4e53282b8e,latricia_schulist@abbott.com,Latricia,Schulist,
8cecd1af-6c38-4186-9fe7-ba1cf15a7379,russel.stephan@kihn.name,Stephan,Russel,
11082f02-d942-4ede-893c-0f75f36d4388,ryan_schuster@oberbrunner-sauer.name,Ryan,Schuster,
718b5985-6df4-4367-aff0-edc1bd90d66e,bobbie.mitchell@ward.org,Bobbie,Mitchell,
7e92ce5f-60d3-4224-b4b2-c9b29e73de16,reatha_becker@simonis.info,Reatha,Becker,
4d8535e2-0e73-4e8d-8014-cf5c59df2d30,leopoldo.borer@kunze-dach.co,Leopoldo,Borer,
2172de88-9b32-4321-9461-8b8a5efeb7e9,catherina_kiehn@watsica.info,Catherina,Kiehn,
11dea91f-e5d5-4784-8f71-59c202a168cf,frankie_roberts@prohaska.io,Frankie,Roberts,
4476e275-2d9e-43f4-8bf2-58c51b93ab84,rodriguez_steffanie@osinski-mante.io,Steffanie,Rodriguez,
33fb4383-b297-4856-bc8c-4344cdb62fd2,runolfsdottir_giovanni@schiller-smitham.biz,Giovanni,Runolfsdottir,
ea014d73-739c-4a6e-9001-90cf508fdbd1,sawayn.donnie@kirlin-rice.com,Donnie,Sawayn,
97d349ae-73b4-4355-b992-2ab3b2453fd9,romaguera.hope@harris.io,Hope,Romaguera,
3bd798bb-d14f-4c54-b858-9293d362be6c,carl.stoltenberg@gibson.co,Carl,Stoltenberg,
dda9c5c6-ed09-4a69-baf1-b726670cc40e,gutkowski.rudolph@jones.info,Rudolph,Gutkowski,
c28ab91e-cd3a-4ea3-9a34-85180d4dc2e7,harley_wuckert@schiller.co,Harley,Wuckert,
9aa67f48-4040-44b5-af8d-a420a8941d73,logan_nolan@franecki-schuppe.org,Logan,Nolan,
47b99f4f-0a13-4baf-81ee-d27f8c1b3465,kurt.corwin@kub-abbott.org,Kurt,Corwin,
c1b3d3ef-b9e8-429e-9fdc-d0fa7f2ac809,paucek_rochel@wintheiser-kulas.com,Rochel,Paucek,
76bd6d32-482e-429d-91c8-1c0d75567422,shawanda_johns@okon.com,Shawanda,Johns,
4b2e2c07-6ddf-4334-8063-1aad30dd1234,schmidt_almeda@reilly-wyman.org,Almeda,Schmidt,
66a19935-3734-4919-a271-54ef082b5357,rogahn.jonell@halvorson.info,Jonell,Rogahn,
ede252a0-1c13-4b41-86bd-872784b09616,zula.von@simonis.name,Zula,Von,
6b7b0f6b-35c8-403c-a4b0-9bcefb738821,hayes_mila@deckow.name,Mila,Hayes,
e01606ac-5034-4863-b228-dfd3a8f2af8e,wehner_lizbeth@gottlieb.biz,Lizbeth,Wehner,
e2dd9961-f8d8-487a-9743-a6d5885f68fc,weber_adella@ortiz-lang.com,Adella,Weber,
f22d00c4-4d56-4067-a8a8-544f33216c85,ayesha_rohan@abshire.org,Ayesha,Rohan,
fda20df8-dd90-4ee4-ae69-2333f864834d,august_witting@schimmel-moore.biz,August,Witting,
524868ea-eb82-4344-ab9f-a90d3aeaf69e,sam_harvey@parisian.info,Sam,Harvey,
3ab1de67-da13-4b26-8ebb-f347e26d5c25,terrell.dickens@jast.io,Terrell,Dickens,
213eddd4-3229-4fec-8c49-92316c3cfba0,elroy_gutkowski@kuhn.io,Elroy,Gutkowski,
59d9daeb-c413-4a46-999a-cb2dea1b1a33,predovic.ty@johns.info,Ty,Predovic,
d6b3cc3b-1008-40b0-b41e-386977303677,heaney_sam@ritchie.info,Sam,Heaney,
7ab25bee-fb5b-4ba8-98d6-de91534aee0c,kozey_ezra@pollich-batz.co,Ezra,Kozey,
0af9d041-b217-4b9f-a0f5-e9ec351bead1,wayne_reichel@collins-hoppe.org,Wayne,Reichel,
a438c599-98ea-4159-982e-b9634cb34b55,horace.lakin@klein-kautzer.org,Horace,Lakin,
7d80e010-dafe-4d0a-b843-0b5b26c511ad,reina.welch@bins.info,Reina,Welch,
2302d802-5301-4969-a29b-1a2ca382025b,luettgen.chris@hand.io,Chris,Luettgen,
3557da56-36a6-4a4d-8b47-b06e734ea2db,blake_o_hara@hamill.co,Blake,O'Hara,
27bef802-ad7c-4a81-a56d-48349fd61d77,wolff.deandra@gleichner.name,Deandra,Wolff,
64e0e9ef-9993-4516-a586-60d6bce6351e,heller_adolph@gislason-wolf.info,Adolph,Heller,
0a7a5161-cd17-4b88-ae56-01a37b88a217,lakin.shawn@schimmel-dibbert.io,Shawn,Lakin,
1684989d-0078-49d6-9cac-489b0e508c6f,ezekiel.rath@effertz.com,Ezekiel,Rath,
00a4c64f-951a-4d24-86d3-368c29b3a1bc,wuckert_angel@predovic-ernser.name,Angel,Wuckert,
0ea86bcf-d8f3-46c1-888e-2e3e88b90cf4,powlowski.russell@auer.co,Russell,Powlowski,
10122452-2e9d-48b5-9c4d-8a9e00a6f7b8,okuneva_laurel@hammes.net,Laurel,Okuneva,
82c8518e-10bc-499c-a102-d04fe6c8b618,ritchie.judi@kuvalis.io,Judi,Ritchie,
9e6d214d-a927-4653-a371-3c7f4da39369,anissa_pagac@kuhic-jenkins.info,Anissa,Pagac,
b4ec7a68-4e87-4fbf-882d-77e6ceaf934e,maragret_mraz@hammes.net,Maragret,Mraz,
8c27365a-f9fa-4ffe-9ea7-d7875ed347cf,rex.hettinger@sipes.name,Rex,Hettinger,
52487f7d-89b9-4c40-973c-566bee3852de,macejkovic.coreen@denesik.org,Coreen,Macejkovic,
f63c28bd-8a62-4ac8-9217-5041f2b0890a,howell.rose@langosh-rosenbaum.com,Rose,Howell,
1029065b-0b61-4fef-98b4-0cf2a26a1a8b,tyron_morar@bergnaum.org,Tyron,Morar,
bc27384e-2a00-42dd-b8b1-ef4919759bbc,jacinda.fay@bruen.co,Jacinda,Fay,
cf9f59bf-dbe7-4c69-83c8-6bc2c1369e7a,ike_jacobi@feeney.io,Ike,Jacobi,
63af3dca-d9de-487c-8b20-28bd719079b6,yost.jackie@huel.org,Jackie,Yost,
4075ec74-8edc-4847-b7e0-c321151854ed,price.chung@murray.com,Chung,Price,
c2980960-ebdb-4828-8ec4-c2934a8426ac,forrest.murray@yundt.io,Forrest,Murray,
d15bfcba-b691-4ac3-90bd-91ff666adb32,kemmer_valeria@kreiger.biz,Valeria,Kemmer,
b8ffc7e8-a6c4-48ce-994e-804c03739200,sherwood_schneider@fisher.co,Sherwood,Schneider,
aae661a5-3f74-4cff-97bb-ca2a9e4a11a7,anthony_altenwerth@sanford-fadel.info,Anthony,Altenwerth,
72670de2-09f0-48a6-b14f-d5b4356ec303,hugo_lueilwitz@lueilwitz.io,Hugo,Lueilwitz,
9c74e550-5f49-4c47-b4be-f43b59ff7460,macejkovic.leticia@rath.com,Leticia,Macejkovic,
05bc3324-0a93-48d1-b60d-5fe8e2922e8c,reynalda_rogahn@nikolaus.name,Reynalda,Rogahn,
ebeebd4a-a6e1-4104-8698-c477afc1b1b4,blick_albert@mohr-cole.net,Albert,Blick,
539c5061-f3b7-4536-a483-6664f5572847,parisian_cassidy@windler-douglas.info,Cassidy,Parisian,
502a699a-4fcd-4c06-8a01-9bc9fef75af7,zula.orn@king-simonis.biz,Zula,Orn,
53a8116b-0565-4251-b4ca-12b8a8e2d1a3,elvis.veum@gusikowski.io,Elvis,Veum,
aa06b95e-7038-43d4-b62a-3c5a683c1472,ruecker.jerrell@erdman.org,Jerrell,Ruecker,
30b82c08-5b84-484b-bafd-a9d92d16675b,bogisich_ada@rice.name,Ada,Bogisich,
bc058351-0caf-4baa-a28b-4f9172cbeb7b,runolfsson_rudolph@stehr.org,Rudolph,Runolfsson,
428020b9-ad2d-494f-a140-72c50e5fb756,fletcher_bosco@koch.org,Fletcher,Bosco,
6aae0791-cc7b-4deb-a72d-d3f490e59136,hammes_spring@dare.org,Spring,Hammes,
5ea0aced-7849-498e-b2dd-dfea211f1c2c,cliff_turner@mclaughlin-wunsch.net,Cliff,Turner,
acb31b15-140c-45cd-a70b-87601db10d81,gene_stark@ebert.name,Gene,Stark,
1f171117-6f45-4623-8396-9cc57a4c959b,lang.dewey@cole.com,Dewey,Lang,
8b82b4b7-349d-4ddb-87e8-b3462c965f09,o_armando_reilly@stanton.com,Armando,O'Reilly,
f55f5097-0f3b-4f4d-9bf5-a07129a72d3d,ervin.abshire@christiansen-renner.co,Ervin,Abshire,
07c382df-8067-4adb-8cd3-c55ffa6e2744,catherin.corwin@altenwerth.name,Catherin,Corwin,
db5d3f7d-2f6e-4485-a029-44f3843f6d87,windler.marylyn@baumbach.net,Marylyn,Windler,
6a759b40-025f-4bfc-b5a7-9b5ab0a74088,botsford.barney@lindgren.com,Barney,Botsford,
b0a81e00-0224-402a-b997-96a7995189d3,powlowski_may@price.net,May,Powlowski,
1f9b0618-40d9-42e4-927c-019e8a56fc82,hegmann_wilson@hickle.com,Wilson,Hegmann,
20818544-dff2-442b-9f2e-51ebd6b8c94d,tonda_glover@hagenes.biz,Tonda,Glover,
6e68b3ef-bcec-4642-83da-8bf2b13d5248,erna_walter@durgan.net,Erna,Walter,
fedb665f-a3ec-4f7e-a146-63577ecd2940,ina.koch@littel.org,Ina,Koch,
14b30be4-360d-440f-b08a-3536d0777a44,roosevelt_ferry@kilback-parisian.com,Roosevelt,Ferry,
2a8df1e1-3c9b-4bea-8e25-4d3f922e9776,herman_man@koch-glover.name,Man,Herman,
cdefa942-58de-414b-afd7-1ae3ebce207f,kiehn.franklin@lebsack.info,Franklin,Kiehn,
eb5b8c24-4e58-4753-a2e9-c53c7c18132e,hyacinth.schuppe@schultz.net,Hyacinth,Schuppe,
20bc350d-df1e-4dc8-b1cb-04192bdd804d,adams_carma@howe.com,Carma,Adams,
f860bbf4-8257-4777-ac5c-76ef977ad1c2,brenton.berge@oconnell-gleichner.net,Brenton,Berge,
e26e777f-f38d-4bc6-bfba-421df30d585a,peter.lynch@hamill.name,Peter,Lynch,
0b0f3bc5-c1ff-4d96-974b-23dee671bf47,greenfelder_winston@lesch.info,Winston,Greenfelder,
9ff2906c-9114-4140-8e53-a3455105b3a1,brett_lockman@herman-ferry.io,Brett,Lockman,
4869e331-9109-462b-acf1-3459cf229691,kiyoko.ferry@parker.biz,Kiyoko,Ferry,
74cb175d-cc92-4e43-8028-047ee13e2138,annette_heidenreich@konopelski.org,Annette,Heidenreich,
c6574401-4feb-4f43-b695-a198512f914b,tommie_hickle@fisher-boyer.io,Tommie,Hickle,
13dd0c21-4c72-4ca7-8c3e-7673ca1b9bff,kimberlie.kris@marvin-lubowitz.io,Kimberlie,Kris,
3577b88b-5419-4768-b980-144362027645,willette.schmeler@bins-cruickshank.co,Willette,Schmeler,
4b5eb262-c25a-47f7-94aa-7de022541f41,justin.bartell@stark.biz,Justin,Bartell,
bbc239f0-871b-4d2b-a82f-5595ab57b499,simon_hettinger@turner.name,Simon,Hettinger,
60b5a24b-2d28-4f4a-9455-51af83a495d1,schmitt.jeremy@braun.org,Jeremy,Schmitt,
c120d2df-1b11-4658-9bed-824caf1db0ec,adam_rutherford@labadie.name,Adam,Rutherford,
a8584c7a-79ea-4887-ab86-7643919e909c,cummerata_ashley@hettinger-hodkiewicz.co,Ashley,Cummerata,
58ebb6f4-5665-42ee-8930-0ccaadcdb1e7,bailey_isaias@rutherford.info,Isaias,Bailey,
eb252210-494f-4089-8823-e4d2fe6bef08,schowalter_theo@bergstrom.info,Theo,Schowalter,
f3bb0f48-d2f9-4fea-9446-0fd36e2d11f1,gottlieb_jeannie@breitenberg-flatley.info,Jeannie,Gottlieb,
7d287770-2c41-4044-aeae-87454591da44,preston_kassulke@nolan.com,Preston,Kassulke,
8528c870-c516-4ec1-8b6a-cdb9bee67f9b,schultz.billy@russel.com,Billy,Schultz,
ce862cbf-aca0-4f27-9c6a-486f3fa3e353,gottlieb_tory@mclaughlin-hoppe.co,Tory,Gottlieb,
68995bd8-bf8a-4c21-9bb5-3782a1df78d8,devora.osinski@runolfsdottir.co,Devora,Osinski,
3a6ebb30-096b-4222-9f89-2ee411bb83a0,hettinger_myrle@prosacco-dickens.org,Myrle,Hettinger,
21ae3b1d-9092-4041-adbe-5a8c8b0a4bde,stasia.kuhlman@zemlak.co,Stasia,Kuhlman,
92cc9302-1310-4db6-9509-95ab802d8913,jose_senger@nienow.co,Jose,Senger,
72c2909f-5076-44e8-8e11-c0a8e5567ddd,hintz.morton@fadel-bogisich.com,Morton,Hintz,
47091f4f-6285-417d-835f-9be4ea49394e,lester_schmeler@lowe.biz,Lester,Schmeler,
6630a4b9-8985-4255-83e5-396e045c0732,tayna_rempel@becker-skiles.info,Tayna,Rempel,
f8e7687b-7feb-4b39-a65f-62a48790cd29,kautzer.bonny@osinski.com,Bonny,Kautzer,
2aaf6ff4-e3f9-4f77-83c0-f539a75bcbd0,buffy.haley@nolan.info,Buffy,Haley,
bb2d40e6-39f3-44e7-a9b4-b9a014810f99,turner_kristofer@parisian.io,Kristofer,Turner,
0082be31-5c3d-451d-90f0-06d4a5ebf9c5,kate_stoltenberg@von.net,Kate,Stoltenberg,
73a00556-b0e7-4ea6-bfd8-857611d38ce9,dickens.nam@johns.net,Nam,Dickens,
90dfdca3-e0cb-404d-b867-869427f1a430,wilderman.dorsey@wunsch.co,Dorsey,Wilderman,
70b7a416-c296-46b1-a0c2-b1fc963b33f5,pat.rau@marks-rice.name,Pat,Rau,
8036cf84-e5d2-4cbf-a9fe-572d2e0e277d,koepp_katerine@kunze.co,Katerine,Koepp,
4c5e8484-4352-4359-8b00-dca3e0a28cf9,hermiston.elliott@bergstrom.io,Elliott,Hermiston,
bfc33de3-9b02-41a2-a0de-c13c9e73df31,evelia_lang@will-king.biz,Evelia,Lang,
2450b031-a8d5-4c2d-88e3-acd6932913fd,ernser.idell@gutmann.io,Idell,Ernser,
fcf0b944-96e6-4a53-9e75-51b8d3878746,vivan_gibson@ritchie.net,Vivan,Gibson,
6f74f2c4-8a28-4a06-bcf3-821206a93a07,walker_kendall@klocko.biz,Kendall,Walker,
6f4ecd79-e34d-48f1-8756-025e7372f923,felicitas.price@parisian.org,Felicitas,Price,
f6860ab2-d481-42b1-bd59-cc1e22c0c88e,conroy.thanh@kassulke.org,Thanh,Conroy,
091232c7-f6b7-47b5-add6-1a74521544e4,ardith_feest@stamm.net,Ardith,Feest,
ddd344c4-bbdb-49b8-ae51-5da2205478f3,brooks_ledner@schmitt.co,Brooks,Ledner,
6f15f89a-3b71-4800-84f0-f41d434920d2,schoen.neely@lueilwitz.co,Neely,Schoen,
ca1f87bd-95ff-4449-859c-20a750cff7b7,pacocha.numbers@cremin-dare.org,Numbers,Pacocha,
de4e77d4-322f-4423-ba26-3eeec5c00e01,shena.gusikowski@farrell.name,Shena,Gusikowski,
e514f976-a9a0-4399-839a-9ce8ad783bcc,ezequiel_ledner@robel.info,Ezequiel,Ledner,
e3db35bd-3a2d-4a48-986d-bfba9d61b66c,farrell.elisha@kuvalis.net,Elisha,Farrell,
8c6cc7f6-86de-44c7-9b65-7417317f8dbf,kam.batz@walsh.io,Kam,Batz,
c4cca526-a9f0-42ec-9496-9e430957b280,larkin.brad@jacobi.io,Brad,Larkin,
b1de0e3e-77ee-473d-b028-49e9e4ee20b2,larry_tillman@littel.name,Larry,Tillman,
c13bc5df-b9aa-4a7b-a90d-e9fc0487831d,arnold_collier@sporer-west.org,Arnold,Collier,
84e99295-1a34-4e9c-87b9-e602d56c691a,morissette.doug@trantow.biz,Doug,Morissette,
9e1fa892-e144-43a6-bf13-e189d3a51bfa,chet.weissnat@cartwright.net,Chet,Weissnat,
eda55399-412b-4612-9870-f9fb20227753,marcelle_friesen@mcclure.net,Marcelle,Friesen,
43ed9450-106a-4faa-bd98-f135df88de64,kuphal_laurel@rau.com,Laurel,Kuphal,
cbf1d3c1-c258-4854-9c44-a04617556483,grant.leatha@schinner.com,Leatha,Grant,
1ec4e482-9d2c-4f34-9bc6-5a8dbfc473a4,herman_mozelle@raynor.info,Mozelle,Herman,
0129f81d-9266-4895-9026-429fa1cd8abd,emmerich_qiana@vonrueden-bartoletti.org,Qiana,Emmerich,
f87603ca-b622-4b9f-b89c-71cfecda19c9,suanne.collins@lebsack.biz,Suanne,Collins,
8587df74-996e-4db0-a920-100100728798,milo.fadel@bauch-feest.info,Milo,Fadel,
ac02e863-2fe7-43a4-b51a-98b4535c29f8,murray_mike@friesen-hoeger.org,Mike,Murray,
0a9aabbd-87f8-4043-aa40-2825dc1cd366,jamison.kemmer@schultz.org,Jamison,Kemmer,
fd008ce2-f360-4f59-b8f6-3a9de020b612,jannet.turcotte@gleason-hartmann.biz,Jannet,Turcotte,
12cf8f28-5303-4f83-8a64-8ab5ad9d0858,loren.kessler@mcglynn.net,Loren,Kessler,
b96df657-51ac-48b2-9e2a-349589df98a0,carolynn.lindgren@bechtelar.biz,Carolynn,Lindgren,
3c7bc8fd-0771-4c04-a6a4-bb2455aeaa95,quentin_moen@heaney.io,Quentin,Moen,
acecd88f-30c7-4c4e-bbb9-9a2cc263ff49,leandro_dickinson@orn.name,Leandro,Dickinson,
ff528cbd-17c9-4454-bbdf-7ed74e7fbbfb,emerson.farrell@terry.co,Emerson,Farrell,
5995254d-202f-438a-8ae4-346418758bef,bechtelar.jack@gusikowski.net,Jack,Bechtelar,
c8f5c99b-0667-45de-8c7f-ddeae4d48470,conn_sydney@macgyver.org,Sydney,Conn,
99acf7ff-19c5-4d06-a796-8db28f0b2ff2,yu_bradtke@mann.co,Yu,Bradtke,
e069a0a9-c147-4df5-aa63-d3704feaf4c6,schaden_lauran@thompson-goldner.net,Lauran,Schaden,
d89eb1a2-ade2-4004-9528-9ccee344e3b9,schmeler_scarlet@boyle.net,Scarlet,Schmeler,
1627bdb8-f1cf-4a01-b6e2-c2452aeadfb5,walker.vivien@goodwin.name,Vivien,Walker,
2da1d91c-e490-487e-a8e9-05399929614f,barton_dante@gusikowski.io,Dante,Barton,
1602286c-e1eb-4ec6-a0d2-360d8b6e3deb,donald.stoltenberg@muller-tromp.biz,Donald,Stoltenberg,
3d0b483d-2acb-474e-8df0-6c754d88d3d7,luettgen_leonor@medhurst.co,Leonor,Luettgen,
b63627f8-90b3-429a-b0be-dbc8d8e82359,scotty.streich@glover-bartell.biz,Scotty,Streich,
2b29fc27-31bc-465f-aab6-3cc9ae4dd1f3,giovanni.gerhold@brakus.io,Giovanni,Gerhold,
bc0277d1-0dbd-4622-9a4b-0f1bb1db8c54,benedict.effertz@morar-bartell.com,Benedict,Effertz,
fee7dbf2-ec55-4317-9b37-2fb2a3da6494,towne.lucile@gerhold.co,Lucile,Towne,
6ba4cf0c-6056-4ef8-902a-99eabdf01ac2,shanahan_janessa@miller-casper.co,Janessa,Shanahan,
8b07ef7b-7b3c-4503-9c6a-9bb043e0180b,carroll_antwan@cormier-nienow.co,Antwan,Carroll,
c1bb5dbb-e096-4cbd-b1cb-9a68f77d9935,wilderman.chia@mann.biz,Chia,Wilderman,
ea1f1350-8d23-4268-91c1-e4585f27abad,garry_luettgen@mueller.net,Garry,Luettgen,
cf650863-7e78-46b9-ac75-4d7c95014355,kassulke_arnetta@emard-hagenes.info,Arnetta,Kassulke,
9a1f4a5f-0978-4053-9acc-57c243373181,demarcus_howe@strosin.name,Demarcus,Howe,
f9d6415d-38f3-4e6b-be19-5baf58993fde,jones.abel@champlin-barrows.net,Abel,Jones,
6b34c902-7782-41fd-bf91-4899b827bf71,brian_runte@koepp-dicki.org,Brian,Runte,
80f4fa1d-85a5-410f-944b-a8fb53f73e58,jack.stiedemann@sawayn.co,Jack,Stiedemann,
ef129ce7-0710-4cc6-a2dc-cd3ab237e95e,lorna.hagenes@schuster.info,Lorna,Hagenes,
6c4280f8-9a54-442b-af3e-411cf863354e,wilfredo.runte@connelly-satterfield.name,Wilfredo,Runte,
aac445e5-e657-4dee-990c-4ac461b7997d,bogan_alan@ferry.biz,Alan,Bogan,
ebf7286b-5ccc-4ea6-ab27-3b5f99a049fb,kennith.zboncak@klocko.info,Kennith,Zboncak,
f3d1b9f7-7b92-424b-9d58-f34e7fa8e147,lind_rudolph@king-will.io,Rudolph,Lind,
148c9441-e621-4388-a2e7-edee6870d559,enoch.farrell@balistreri.net,Enoch,Farrell,
604bc270-248c-40ea-a8aa-d6434524aca1,hellen_kuhic@rodriguez.co,Hellen,Kuhic,
b81b4691-f244-423b-beb1-1e8d43a4d68b,lelah.schmeler@thompson-pfeffer.info,Lelah,Schmeler,
72de2f2e-0015-42c0-a654-f0d46396bf65,spencer_reynaldo@rippin-dubuque.io,Reynaldo,Spencer,
63f39556-45d0-4653-98d8-241dea1bf6ff,okuneva.benedict@fahey-kling.net,Benedict,Okuneva,
570e8966-bd5b-4666-b999-52078ca59b94,julia.bauch@fahey.io,Julia,Bauch,
78bf13f4-5fed-4314-966f-87c172705be8,darron.beatty@lindgren-turcotte.com,Darron,Beatty,
4a45cf8d-4bd2-48ad-9ef4-5dc83b3819dd,walter.erick@blick.io,Erick,Walter,
c517d9fa-04b9-4cbd-a141-4b7ff8c30ba6,hobert.jaskolski@vonrueden-ankunding.info,Hobert,Jaskolski,
8d8b50f3-59cd-415d-a9d3-4f18ea676ed5,borer.candi@kris-schaefer.io,Candi,Borer,
ce6bcfb1-376c-411b-9452-61db3139e159,alana.terry@dibbert-parisian.co,Alana,Terry,
70690d59-9085-4650-a878-9e0ab0a82f36,white_omer@bradtke-abernathy.com,Omer,White,
6505faf9-d2e6-449d-bd30-2d1898323aa5,arturo_hodkiewicz@aufderhar.biz,Arturo,Hodkiewicz,
1ee46277-1c86-48b4-a4a2-bb560777e0d6,gladys_kovacek@glover-koelpin.org,Gladys,Kovacek,
1a410009-4202-4db8-a5c5-d1749ba1c8ff,sondra_kemmer@stiedemann.info,Sondra,Kemmer,
bf78ed68-cbe8-420d-aa29-cc619279cd86,angelo_beatty@jones.com,Angelo,Beatty,
8d930955-ff48-4c76-b724-06a0ab9d34d1,german_price@wintheiser.info,German,Price,
59ce9583-0096-495f-9c73-8beeb2d1de33,deborah_friesen@kautzer.com,Deborah,Friesen,
0e4e7177-95c7-4c6f-93d2-3e6a8f8fd2d5,smitham_curt@langosh.org,Curt,Smitham,
d961e80a-9607-4b12-ab7f-94bdf2dd67cb,mraz_marlene@schowalter.com,Marlene,Mraz,
1359b1d0-a269-4f09-8900-add80f8fc18d,kiley.konopelski@koss.org,Kiley,Konopelski,
13f7c810-fe95-419d-a080-b38d0b6a087c,langosh.dana@weissnat-hickle.name,Dana,Langosh,
3a61305e-8507-4d7b-8f20-ee48aab87f1a,sha.steuber@denesik-beatty.io,Sha,Steuber,
9a602d5d-ea18-47e2-926c-977ea8ae8b36,dickinson.daria@tremblay.io,Daria,Dickinson,
f5cb9a7c-02e1-40a3-8477-d5aa02aa1001,barrie_ullrich@smith-schuster.net,Barrie,Ullrich,
5a782a54-a1a6-47ec-a3e3-3a2b9b234b99,mayert.ernie@gleason.info,Ernie,Mayert,
e992647a-2bfe-4826-aebd-af0eaa8566ad,stark_burma@nolan.name,Burma,Stark,
851015f0-0b71-432c-b159-16039ef4e0f0,pacocha_bernetta@leffler-fadel.org,Bernetta,Pacocha,
b95222bc-1cab-491d-89a9-df3d7613a284,carlo_kshlerin@stokes-howell.name,Carlo,Kshlerin,
0e299586-b1e7-4f38-8f20-515051bf9816,schaden_pearly@sanford-bogan.co,Pearly,Schaden,
46335d53-5265-44a9-99f3-01055fb01f9f,howe.conrad@kerluke.io,Conrad,Howe,
17112149-9bb9-43ac-9386-3fdf19ddeaac,emanuel_tromp@hickle-fadel.biz,Emanuel,Tromp,
22738c13-9ae5-4363-affb-00a35ee7ceb7,klein.larry@christiansen.io,Larry,Klein,
7f75491e-1381-459e-a349-581d7cf40b45,rippin.debra@quigley.name,Debra,Rippin,
fb3a99f4-e77a-47c9-a3bd-6c832c52242f,kuhlman.chauncey@ruecker-pouros.com,Chauncey,Kuhlman,
0ed9f915-dbc1-4d56-a9bf-c589eb2702b9,aufderhar.jodi@daniel-kris.co,Jodi,Aufderhar,
35b26ff5-26fc-41d4-8e9d-6aa490fc36bf,jordan_robel@schiller.co,Jordan,Robel,
04236f74-5324-4af0-8be9-a74f41f50c12,antone.ankunding@larkin.org,Antone,Ankunding,
f035efe1-1f79-4bda-8565-81925d49677d,nader.fredrick@dibbert.biz,Fredrick,Nader,
f32d387f-9bc4-4b43-974c-57104bf3a270,homenick.craig@johnston-koepp.info,Craig,Homenick,
6d40a1a5-1b9b-40c9-a048-38512524185a,beatrice.purdy@jerde-predovic.io,Beatrice,Purdy,
f837391e-0511-475c-8f37-1554dec72e7f,green_chante@kohler.com,Chante,Green,
e4dd3b1a-6834-469b-8b7d-b9c545844a8f,tania_schuppe@emard.biz,Tania,Schuppe,
431e4364-5b7b-48fc-91e5-5a6fa175c177,ernie.walsh@weimann-borer.name,Ernie,Walsh,
78b070bb-275a-4459-b283-554fba2e8ca9,schulist.adalberto@schmeler-pouros.biz,Adalberto,Schulist,
b9c61909-0c78-4b4e-a105-d487084b1d8f,huel_albertine@feeney-erdman.net,Albertine,Huel,
f50171bb-5ed6-49e8-8c89-33f7ea0dbd8f,joel.batz@boyle-auer.info,Joel,Batz,
b873ccb7-fdce-434c-b25c-1c1d232c6ca2,littel.soila@tillman-jerde.net,Soila,Littel,
24557320-fac8-49e6-bf3f-31a9cf2944df,walter.christiana@blick.net,Christiana,Walter,
0dcd0127-bb1d-47a2-b9be-b571b0160c95,alice.schaefer@schmitt-kozey.org,Alice,Schaefer,
045861dd-f7e2-408e-92c0-95325dcd7044,morissette.cliff@funk.name,Cliff,Morissette,
9454b632-d73d-4c6c-9202-f17902e9b541,shoshana_mosciski@gusikowski.co,Shoshana,Mosciski,
5faf9072-f3f4-4ca5-9ae8-11a26cc3227b,cummings_darrel@hessel-terry.org,Darrel,Cummings,
4a3fadab-7de8-4187-9831-6a5f6f83897f,keenan.dibbert@ritchie.co,Keenan,Dibbert,
fe2b6e28-7ad8-4d79-902e-d7aec3c4e687,myrtie.sauer@watsica.com,Myrtie,Sauer,
2ad1ec7d-3b04-484d-87e4-05cee94781f8,sindy_klein@kuvalis.co,Sindy,Klein,
06df1c2f-d2ed-495d-b629-7b446e7550fd,jenette_franecki@ruecker.org,Jenette,Franecki,
5c97f2a8-ce12-453b-b713-6d4a07a40e0f,o.conner.milo@reinger.io,Milo,O'Conner,
2099519a-3f47-477e-9dbd-0a8fe6454f8e,genaro_bechtelar@goyette.info,Genaro,Bechtelar,
0997679e-4ce3-4aef-bcb5-a8d5b7b65da2,hyatt_neal@schmitt.com,Neal,Hyatt,
7a019ca1-d188-42e6-9506-f56e3b3b5455,saran.hickle@beahan.info,Saran,Hickle,
f9d98839-85b2-402c-98a9-c0bd32d113b6,schmitt_lora@damore.biz,Lora,Schmitt,
e98616df-8f00-40a5-8aed-a56f6ea222e9,dare.shelby@effertz-miller.biz,Shelby,Dare,
ff9903e6-1b07-4c3d-b125-abd1ec1fb77c,jeraldine.larson@friesen.info,Jeraldine,Larson,
73a65518-2735-452d-8a8b-7808b62874fb,allyn_schinner@ziemann-hansen.io,Allyn,Schinner,
c721f05d-9653-4347-b2c5-941c843ae118,schmeler.luke@jerde-stanton.net,Luke,Schmeler,
912c3a47-6d6a-4e30-a7f7-a2f13aa5ad7b,little_brandy@mcdermott.org,Brandy,Little,
b1a85fa3-876f-4991-9f0d-78114196d327,vern_homenick@wisoky.name,Vern,Homenick,
105a41b2-1bfc-42ec-837b-ce11d6ea2964,nelida_harris@glover.name,Nelida,Harris,
d4028abe-45b6-48ca-97db-6286d764e8c8,murphy.so@oconner.org,So,Murphy,
6e9df934-0834-4150-92c5-57c6dda18db5,wehner.florentino@mckenzie-bergstrom.biz,Florentino,Wehner,
5b38082b-7d6e-480e-88bf-c5dc57390a0a,zenaida.dickens@beier.com,Zenaida,Dickens,
0623f520-2f1a-48af-9b09-c456ec2df5aa,d.amore.catherine@christiansen-pouros.com,Catherine,D'Amore,
db94a615-3ec0-4adf-ac8b-c076815f5583,ivan.braun@jerde.co,Ivan,Braun,
c1168221-0993-4ab5-a985-b51843db6861,garry.orn@stark-mohr.io,Garry,Orn,
984bf4be-e32d-467a-b3e6-10480358a01e,mariano.runte@renner.net,Mariano,Runte,
de5d402e-ac94-40ce-b0cc-fcd1353f3659,leilani.hessel@wunsch-okeefe.co,Leilani,Hessel,
9590f7e0-0bed-43d5-9cca-a82a2d9e9a39,edie_gulgowski@jast.biz,Edie,Gulgowski,
a5dafc2b-7bb8-4f88-8101-18afa5d835aa,steuber_luciano@mante.org,Luciano,Steuber,
d9246c75-5a42-40f6-b657-9c4c11476248,dickens_arlyne@wisoky.net,Arlyne,Dickens,
13b99ebf-af5d-4bc6-bd9a-8feef5e40a07,pfeffer_caitlin@harris-veum.name,Caitlin,Pfeffer,
541024ce-1c4a-487c-950d-74eab7a06678,roxana.torphy@walker-hudson.biz,Roxana,Torphy,
5f2cda43-c684-40ba-80ac-17e38aa0b074,kuphal_edgar@schultz.biz,Edgar,Kuphal,
c3bf9489-4a63-4c7e-ae5d-edb9347a33bc,fritsch.porfirio@heathcote.biz,Porfirio,Fritsch,
de1b9bb5-24ec-478e-bff3-5b660a1014b4,yundt.clifton@witting-schaden.com,Clifton,Yundt,
d3430d3f-a0c4-4150-8bd5-6504978dd4a2,abernathy_tuyet@berge-harber.com,Tuyet,Abernathy,
31bd63be-3cc8-4997-be4c-9f03405f9f10,stamm_casey@kris.co,Casey,Stamm,
8cafb1f5-a50e-484a-be96-3947e31be031,kessler_tamekia@wuckert.org,Tamekia,Kessler,
9875f947-6082-4504-a6be-32b4841790b9,dach_brice@schultz.info,Brice,Dach,
3116d4f0-d7d6-4cba-b012-cb58ee1b93ff,peter_kihn@schinner.net,Peter,Kihn,
589dc128-c532-4c1b-9d3b-45b665ae3808,bashirian_vivian@bauch.name,Vivian,Bashirian,
58e5793e-871f-4d8a-acce-9d5f4d5640f0,fahey.chet@mayert-krajcik.com,Chet,Fahey,
f49f9707-a3fb-4b1d-92d3-4f6d83562fd2,king_rogahn@smith-damore.net,King,Rogahn,
ee2f6954-d006-4046-b1ed-6a3cc287507a,torp.hue@toy.org,Hue,Torp,
334d77bc-1318-4a79-b71e-f3258d49540b,klein_dominque@harris-ratke.biz,Dominque,Klein,
e824bdd9-2ef0-4e78-8f7d-fdf04b1d4a07,waelchi_omar@wisozk.com,Omar,Waelchi,
caaa7bcf-cee0-4ad1-b5a7-3e5962e4b021,delbert.jones@larkin-herzog.name,Delbert,Jones,
b24c1b1f-c132-4e15-a973-292dee6c01bf,fritsch.cody@waters-bosco.info,Cody,Fritsch,
1dcdf9f8-2fb2-4879-8f3b-9cd22c96e071,bayer_geri@hilll-cruickshank.co,Geri,Bayer,
8248c06b-9058-4402-84b0-cf8d68393fb5,bettye_hand@kuhn.biz,Bettye,Hand,
762ecb83-105f-4b22-958f-b450469267fe,matthew_beatty@feest.name,Matthew,Beatty,
64bd0422-137a-4926-a5f3-d2d5dc868ec8,galen_senger@langosh-trantow.org,Galen,Senger,
01fbc6b5-95ce-4af7-951f-6e786e485e28,milda_veum@kuvalis.net,Milda,Veum,
28b0ab28-754e-4e22-91b8-e28ab643f238,lizabeth_dickinson@fadel.name,Lizabeth,Dickinson,
6bf977a2-fb77-4a78-94e8-854bfcb9323c,irma_gerhold@bradtke.io,Irma,Gerhold,
655e1f92-a62a-4ba6-a793-2b279ee3107e,crist.jody@dare.biz,Jody,Crist,
7069cf0d-dde5-41b4-a429-42f65af3d5a9,kreiger_chas@kohler.io,Chas,Kreiger,
9dad8f9b-dfd4-4495-a94a-f718ab82c4ae,joan.schneider@toy.name,Joan,Schneider,
29000e70-4bcd-4da7-8d2a-d30c8504d36b,irving.gulgowski@hansen.net,Irving,Gulgowski,
d069ec91-e2f1-436e-a370-13f5047fd7f0,elwood.veum@heidenreich.com,Elwood,Veum,
6b7d9ce1-28e6-4244-8f02-25a750f0b088,treutel_zada@torp.net,Zada,Treutel,
a2175a8c-b072-494e-8ccc-8f34bfaef79f,littel_elinore@dubuque-olson.name,Elinore,Littel,
e3346026-8d34-4a95-951d-81986b51e0e4,hessel.dina@bruen-reilly.org,Dina,Hessel,
34f7a3cc-7376-40af-99e6-93ad0e1d362c,winifred_hara_o@fahey-dubuque.org,Winifred,O'Hara,
61c97fe6-7d7f-4633-af9d-7de040d45fa4,kuhlman_jaime@konopelski.net,Jaime,Kuhlman,
1cdd4ba6-7e64-4a6c-87e2-f629214d4a15,labadie_esperanza@marvin-douglas.info,Esperanza,Labadie,
fcc19653-7569-41fb-a2bd-edfa43ba722e,will.odell@durgan-mante.io,Odell,Will,
00da74df-8654-4708-9a0d-4c58ecadd625,henriette.towne@konopelski.net,Henriette,Towne,
57a64ebd-af00-40af-a74b-4fedf49697ab,renda_schulist@wolf.net,Renda,Schulist,
0e46ab5c-793b-4c26-817f-ac0540ba7a98,wintheiser_von@sawayn-towne.io,Von,Wintheiser,
69188f7a-58de-45ac-9fe7-6eb2d04ff4f8,maximo.douglas@kuhic-cummings.name,Maximo,Douglas,
3acff88a-847d-408d-a156-a9d253aa3edd,feest_rosia@baumbach-klein.io,Rosia,Feest,
cc77b060-5d1e-4ce0-8cdb-3041e97f0fb5,estrella_durgan@bartell-treutel.info,Estrella,Durgan,
dbe789e0-825f-4271-930d-51a991796c05,gislason.saundra@mosciski-barton.io,Saundra,Gislason,
fbbac284-4158-4fc1-ab94-6dca10893a75,bins.shyla@schowalter.info,Shyla,Bins,
61a68abb-6c3d-4919-b6f4-937b67d059b9,woodrow_huel@windler-yost.info,Woodrow,Huel,
54af8e6f-b2e6-4098-bfd1-90661fcae708,sipes.trena@abshire-goldner.co,Trena,Sipes,
e773c127-b776-49de-b023-2a6b5b90f35e,leannon.kendra@beier-koch.name,Kendra,Leannon,
d17d710e-0f61-4ef5-87c7-dd6ca66d5370,laverne.schneider@graham-will.net,Laverne,Schneider,
af359420-740f-4c28-859f-6a68c28e8d85,botsford_elbert@gusikowski.io,Elbert,Botsford,
5070a562-add0-4e01-a31c-fa678e2d5975,nikolaus.dana@graham-paucek.co,Dana,Nikolaus,
fa7e9222-1c6b-47ce-b1a5-847ca5fa7206,huong_bogisich@skiles-cruickshank.net,Huong,Bogisich,
edfe0588-c13b-405c-9705-aa92c68c4053,bruen_stanton@murazik.co,Stanton,Bruen,
8069ffd2-03b3-4500-b72d-bceb1339d546,hassie.kulas@heller.biz,Hassie,Kulas,
01eb0967-a0b2-4447-9cdb-2dc238e60e8b,bode.carmelo@krajcik-hudson.biz,Carmelo,Bode,
b61acdd3-5667-453f-9e84-6d63d487f07e,koch_tyson@sipes.com,Tyson,Koch,
1eb272d4-e581-4a82-ae0d-d0f6d2c0e651,madeline_conn@daugherty-marks.co,Madeline,Conn,
6a5ab3a2-86d1-4e93-a223-b638479394be,moen_chadwick@senger-klocko.net,Chadwick,Moen,
d39a31f5-ae8c-4a5a-a97d-f4fd9dd458ac,golda.kuhn@tillman-collins.org,Golda,Kuhn,
f237ca01-94f4-40e7-9f95-0e3538b5ab53,gusikowski.johanna@pacocha.biz,Johanna,Gusikowski,
ce9fa823-9c99-49a9-996d-9a9ff71dc788,amore.d.rashida@schamberger.co,Rashida,D'Amore,
8faf8cd9-c359-40d1-8d2d-ac7fbbd6eb06,asa_bartoletti@stanton.info,Asa,Bartoletti,
dae891e3-487c-4c63-acc3-435f7a4065ea,margarete_goodwin@russel-wuckert.biz,Margarete,Goodwin,
057ac5f6-9b9f-49f0-928c-ddcc0f64cd15,thompson_anisha@bayer.biz,Anisha,Thompson,
087808d4-1ad3-4a22-82ac-ea7f9c795f05,grady.sally@ledner-wolff.co,Sally,Grady,
956c4e9f-8730-407a-a113-8c8f4a73c138,wendell_klein@rosenbaum.name,Wendell,Klein,
6c0423f5-9ddc-44c3-9f98-5e6f37de2cbf,taylor_wiegand@harris.com,Taylor,Wiegand,
f38dcb07-38c3-480f-9861-c2177dc559c9,crist_mona@ankunding.io,Mona,Crist,
f692f413-a24b-42e1-a864-66a09880651e,rey_kihn@abbott.name,Rey,Kihn,
acea0178-2050-4528-80a7-46fed0968451,thiel.robena@mante.com,Robena,Thiel,
46c1ef85-891c-4d54-9a37-b5e042e3c2e5,conner.randell.o@auer.co,Randell,O'Conner,
6eb9434b-3872-434f-8714-2baaaef98d62,chong.gottlieb@bruen.biz,Chong,Gottlieb,
d3157080-99fc-4346-8248-368a540de595,runolfsson.portia@orn-bergnaum.org,Portia,Runolfsson,
8f70a48b-db67-476b-97ef-018169590a53,kelvin.lakin@batz-schoen.net,Kelvin,Lakin,
e02f203a-944b-4417-a24a-907b8a52f5ae,lockman_vivien@terry.org,Vivien,Lockman,
36ce16d0-9b68-490a-893c-58fbb29d6445,maya_orn@dach.biz,Maya,Orn,
86cb808f-ecbe-41e5-be3a-724c0d1f9a83,will_cecil@schroeder-cormier.info,Cecil,Will,
9eaee2de-9a6f-4c25-a4b4-76d82d4d797c,altenwerth_thurman@hodkiewicz.biz,Thurman,Altenwerth,
7333664b-4d44-4065-91b1-c893088c539b,marquis.bogisich@paucek.info,Marquis,Bogisich,
74325b4e-b2ec-4809-91fa-286a78e5e175,cesar_satterfield@crona.com,Cesar,Satterfield,
6b9b1e2c-aed1-472d-9a6d-facf994cdaf2,lang_manuel@kub-flatley.net,Manuel,Lang,
8d4a7d9f-0341-4687-ae8e-60dbd9a2944f,hyatt.frankie@kreiger-feil.net,Frankie,Hyatt,
08eddb01-e110-40bd-87d2-890cb99cf8b0,halvorson.don@hoppe.org,Don,Halvorson,
ee0392e1-62a3-4bea-bad4-1aa877587f02,tromp.rolando@king-stroman.org,Rolando,Tromp,
7062943d-4668-4d1c-a23c-5f3a15e89c59,krajcik.beverly@bashirian-farrell.org,Beverly,Krajcik,
01e1c099-6415-4ab1-a941-de73332ae1ab,kreiger.derrick@bartell-johnston.com,Derrick,Kreiger,
83531b2b-0043-49d7-ad4b-cb83440adcb6,dotty.kling@wuckert.co,Dotty,Kling,
8322d91c-9d33-41a6-9c4f-2134af2cb03a,sherwood_skiles@stark.info,Sherwood,Skiles,
68d77a2d-9125-4a25-a01b-e0e413124ff1,hong.windler@walter-dickens.co,Hong,Windler,
f67be748-31e5-482d-aa8a-e30693ba9da2,mirella.jaskolski@grimes.com,Mirella,Jaskolski,
6e508305-422b-4777-b0d7-6d894b74572d,kyoko.vonrueden@pfannerstill.co,Kyoko,VonRueden,
dd53b1b2-909e-44b1-a703-68ed9fb518b8,domingo.watsica@hahn.name,Domingo,Watsica,
bb5cccf2-6879-4514-b1f8-e0a79e512e0c,johnathan_mueller@wilkinson.org,Johnathan,Mueller,
f0f778a6-8113-4642-ae78-26886187c8b6,kathey.rice@von.com,Kathey,Rice,
b3cc02f4-93c8-4658-bcb2-70e0c8c9f2a7,tobias.morissette@aufderhar.info,Tobias,Morissette,
779c9619-c826-4903-bbe2-b62961aada67,littel_ronnie@hills.info,Ronnie,Littel,
cdbbde49-fe98-4ca4-a665-22ce4cba69b6,anjanette_schmidt@kemmer-bashirian.name,Anjanette,Schmidt,
7c641afc-1693-4708-8700-9748e0dc00d6,zulauf.marc@schaden-torp.biz,Marc,Zulauf,
b630a61c-a202-445e-9c41-4f037e07299a,olson.clarence@beer.com,Clarence,Olson,
023d5461-142e-42a9-a7a5-52cb51ebceb4,tillman.antone@botsford-rempel.com,Antone,Tillman,
244286b8-26ff-4a30-af43-3b325b51836a,lehner.lexie@stroman.info,Lexie,Lehner,
d024c713-b0df-4a10-a096-8943f8e97bb5,deckow_winifred@lockman.name,Winifred,Deckow,
8a5a8a89-c0f2-4bda-aa77-6d3b230c7508,kuhic.evonne@damore.co,Evonne,Kuhic,
7cfc7528-325e-4929-b38f-748df7518ac2,ward_sporer@wehner.co,Ward,Sporer,
60842eb9-516c-4aea-b92d-d31a97838a29,kessler_mario@reichert.io,Mario,Kessler,
3ab9d94d-ad3e-402f-ac12-2a7d6c4fd01d,almeta.becker@bayer-jenkins.info,Almeta,Becker,
6aa2ea33-41a3-4097-84e7-44c6ce1fff0f,marcus_aufderhar@terry.name,Marcus,Aufderhar,
2b713aff-b4f5-411c-9cfb-2fc73505efa9,micaela.weber@ankunding.info,Micaela,Weber,
e7d37954-2cfa-4ec4-8a47-0b55059eaea1,greenfelder_marcelino@stracke.name,Marcelino,Greenfelder,
2ced1fa3-cf51-40a1-b6c1-314d5342a4d0,wen_fadel@hoeger.net,Wen,Fadel,
327d5805-a409-4d2b-9d93-77aab13b2938,larkin_jonathon@buckridge.org,Jonathon,Larkin,
ae6c0110-649a-4430-bb6f-6c37ee8c7cbc,deckow_woodrow@thiel.name,Woodrow,Deckow,
4ad297f0-5f39-4671-b08b-b7485875fa87,fadel.lester@boyer.com,Lester,Fadel,
59723087-7676-40bd-bddb-7125e0c1e346,benjamin_gusikowski@crooks.biz,Benjamin,Gusikowski,
c52eeadc-0bf4-4134-bb9e-b8bde61f539b,bryon.blick@romaguera-parisian.com,Bryon,Blick,
b91402a5-5278-483a-8f75-f92b87d937df,fredda.feeney@rutherford.net,Fredda,Feeney,
32d3207d-93d7-4093-8f94-9621499470fc,justine.nienow@bernier.name,Justine,Nienow,
0503262d-392f-4def-8d0f-264fb3abe273,bailey_alesia@schneider-terry.name,Alesia,Bailey,
2ddf0dfb-7344-440b-9325-1af4bd7760b6,robby_swaniawski@boehm.info,Robby,Swaniawski,
20d24f76-e91c-4138-a174-9447922fd907,tim_ebert@goyette.io,Tim,Ebert,
f0a75f3a-a723-443a-b21f-0077964a2c9f,armstrong_kary@reilly.info,Kary,Armstrong,
ef7cc6fd-cc06-4f00-8a85-eea122d1b93b,alec_senger@emard.info,Alec,Senger,
d8505b98-706d-4bdd-ab4e-b7d239fffcc5,blanda_jewel@stiedemann.com,Jewel,Blanda,
0803fd57-89ca-43e5-a82e-18a252cc62fd,rolland.corkery@fritsch-moen.name,Rolland,Corkery,
e17f940e-37ce-4297-b840-4edf69046c71,considine.andrew@tillman.net,Andrew,Considine,
29345b57-6cef-4f0f-bf63-b5bb89c6ca04,neoma_stoltenberg@herman-cronin.io,Neoma,Stoltenberg,
7c02e512-e896-4ffd-ae50-8eb2ca1128d9,buster_raynor@carroll-doyle.io,Buster,Raynor,
bed2e0c5-f52d-4b2d-bde5-41b068a91230,ritchie.percy@halvorson-abbott.biz,Percy,Ritchie,
8f335eed-3193-4797-af58-9a4e13424157,hills_marty@feil.name,Marty,Hills,
0aad4c99-10a3-4040-bf3f-96ab7f65a25b,powlowski_celesta@lubowitz-ratke.name,Celesta,Powlowski,
7cdfa046-cdbd-4a88-81d4-ec2acf9f6789,boyd.labadie@stoltenberg.info,Boyd,Labadie,
da132e30-7675-4598-ade0-7ab4c01b635e,keeling_rodolfo@crist.biz,Rodolfo,Keeling,
52ff5bde-5764-41ce-aca7-008dc1f35575,rolland_connelly@macgyver.name,Rolland,Connelly,
e8f82582-267d-4375-8735-7539e7619ce0,hand_donny@kuhlman.org,Donny,Hand,
a5d24e8f-56cf-4309-bbe6-26d6ee45c7f0,kuphal_timmy@hessel.org,Timmy,Kuphal,
439db8fc-2d9f-48bc-88f3-f926f64e2adc,amore_fernande_d@hyatt-stehr.io,Fernande,D'Amore,
2ce89665-5205-4d1e-8e26-59b9886f6cd4,milan_hoppe@brakus.co,Milan,Hoppe,
00963026-3491-4571-8b64-b37fe4320122,kylie.hintz@nolan-walsh.info,Kylie,Hintz,
f3a64b30-d1de-45c7-845b-d61fa88c0402,gorczany.marty@bosco.info,Marty,Gorczany,
f5019a38-81e8-416f-a8e2-07991e61c22b,wisozk.alica@rogahn-lemke.io,Alica,Wisozk,
3519dbed-f5cf-43d7-8c89-837564694530,jen.dooley@sipes.biz,Jen,Dooley,
18fe276b-f6d1-426e-a476-c242846100a6,ratke_vernon@lynch.name,Vernon,Ratke,
6b80f03d-fa32-428d-b60a-60bc478a7450,mardell.ziemann@balistreri.com,Mardell,Ziemann,
70cc8d25-a584-4678-99ec-bb201d70bc23,shawnda_mueller@lubowitz.com,Shawnda,Mueller,
871ec491-7ff7-4f34-b0d9-ddbe2ad7ed98,arnold.flatley@ullrich.info,Arnold,Flatley,
2d45cc82-fbbd-44fc-8c8b-072a3dc6a1ec,volkman.johnnie@schaden-herman.co,Johnnie,Volkman,
b0225652-b3f1-4c2b-b935-cfeeef29bd32,malcom_kulas@rutherford-jerde.name,Malcom,Kulas,
6f813df2-eaf2-403b-9bc0-01ab03bc8baf,beula_schultz@rosenbaum-haley.com,Beula,Schultz,
c542965d-4da0-4d69-84fd-2fe8ac1fb006,myrl_doyle@collins.net,Myrl,Doyle,
ab05dec7-5753-4b41-b286-27d7049de229,johnson_wendi@hahn.com,Wendi,Johnson,
7e83c635-2b0f-4ece-a908-babd097ece9e,schamberger.marylin@jaskolski.biz,Marylin,Schamberger,
18352a25-9f08-40a1-a3a8-23b1af5d0b9f,conroy_lindsay@klocko.info,Lindsay,Conroy,
7beda7f7-6fcc-4770-aa9a-579e7848e2a4,emmett.nitzsche@rogahn-orn.info,Emmett,Nitzsche,
1d66f302-f6e0-45a0-9ab6-9f5ec801b7d2,gleichner_christian@swaniawski.net,Christian,Gleichner,
972d7ea4-772f-4f41-858b-ec14051c6bd5,claretha.grady@marquardt.net,Claretha,Grady,
fb69c37e-c100-4533-aebe-445985cec8e3,harris.melia@ernser-buckridge.biz,Melia,Harris,
bacd21a1-58ff-4118-9130-ae7641a6eb09,gusikowski.tommie@schuppe-berge.biz,Tommie,Gusikowski,
9495bd8e-f61e-4407-b020-672725ee1d54,pollich.elvis@casper.info,Elvis,Pollich,
0cca91d0-3321-42dc-b3ae-69a764a3820d,strosin_perry@kuhic.biz,Perry,Strosin,
229057b1-4a29-48e3-9384-58b95aafaf3c,trinidad_daugherty@breitenberg.com,Trinidad,Daugherty,
04abb22e-0c47-4bdb-9cdf-772368a627d5,casey.simonis@paucek.name,Casey,Simonis,
7edfb009-9ee3-47ae-be96-f2de10cb538b,kuvalis.callie@cronin.name,Callie,Kuvalis,
1a0e8014-b1db-48e2-a194-c82acb876bac,schoen_catalina@ward.biz,Catalina,Schoen,
2a25da06-4b19-4fd3-ab8e-222d4a9a19d0,boyd_kertzmann@legros.org,Boyd,Kertzmann,
638a3911-6a29-44b7-a684-294606e6dae2,antonio.osinski@mcglynn.info,Antonio,Osinski,
72aac7bf-3450-4bdf-b9af-05a339da1b40,darci.bartoletti@kozey.io,Darci,Bartoletti,
df91befb-f71f-4fd3-a36b-060ed6a89ebd,jacobs.thurman@crist-konopelski.io,Thurman,Jacobs,
b6943c46-4aea-46cd-b2f1-473dabe42e21,lou_leuschke@kling.com,Lou,Leuschke,
33bc9011-97a7-4445-8419-b5f2b951b475,ward_frances@carroll-klocko.net,Frances,Ward,
b762a34e-250a-4f07-8684-ca6e94bc5bdd,walter_emmitt@wehner.io,Emmitt,Walter,
306a407e-ba3e-4af3-9cf0-9fb976e26315,romaguera.brenda@ankunding.org,Brenda,Romaguera,
14f7d299-e52e-4040-899e-53c59502b9ed,schamberger_selma@reilly-hilpert.net,Selma,Schamberger,
4fade4fd-aaaf-4af0-96e4-a910edbebbd5,lina_abernathy@breitenberg.info,Lina,Abernathy,
fe4785d0-710d-4553-abc9-ba9032c0d021,angelo.hintz@ritchie-streich.co,Angelo,Hintz,
0f608f00-96e6-4348-94e5-f0f23a866a6a,beahan.linh@koss.biz,Linh,Beahan,
33c1e6e9-a47f-49e5-9e9c-526650e80de5,erich_turcotte@mckenzie.org,Erich,Turcotte,
1ff2bf06-8864-43f7-a671-f126bb8f99b6,kling_jean@parisian.io,Jean,Kling,
1f2052c7-328b-4e7d-9319-15d75430e9d3,martin_effertz@lang.name,Martin,Effertz,
f49301da-12ac-4ba2-8cd0-d8017b176978,ardell_kon_o@herman.info,Ardell,O'Kon,
f7302ee8-423e-4ecb-9be1-9a63b19be80a,gutmann_hilma@witting.com,Hilma,Gutmann,
559f6f5c-8bca-4492-89e1-dd864dd8477c,yost.everette@lehner.org,Everette,Yost,
30d03e4b-63e6-4818-b491-2925268df96c,harvey_lidia@damore.co,Lidia,Harvey,
7939273d-e55b-477e-840c-31fe8fe38541,krajcik_drew@rath-legros.info,Drew,Krajcik,
59634e0d-0ce6-407f-8d37-2def4527b881,wolf.ricky@fisher.biz,Ricky,Wolf,
ea78afb9-25b6-4fea-8318-96bac370f5d2,judith_pouros@effertz-cassin.io,Judith,Pouros,
47e78e02-528e-4cda-8a60-f446a033f997,durgan_loraine@spencer-hermiston.info,Loraine,Durgan,
fc957125-e848-4bd7-84da-70d04f7605a6,bertram_runolfsson@waters.co,Bertram,Runolfsson,
e5122c10-40b8-4f2c-9456-d8e6fe67d1b3,olen_powlowski@rice.co,Olen,Powlowski,
db48d834-722d-487e-b696-89386c1b12c0,cartwright.veronique@block-hilpert.name,Veronique,Cartwright,
a1c62e3a-a085-4d73-9255-e401d481f605,osvaldo_grady@bosco.co,Osvaldo,Grady,
2047e5e8-44d6-4a56-a829-4caf5a2e27ac,schuppe.abraham@stroman.co,Abraham,Schuppe,
99f995f1-90e4-42b7-a34c-d8d7e31ee91b,jerry_reinger@goldner.name,Jerry,Reinger,
c752ffbd-9ca8-4a0b-9b35-e6e1d6f509a2,adams.ruben@kuhn.net,Ruben,Adams,
df575e5e-6682-486d-8639-fda2e742dd9e,satterfield_guillermo@ebert-stark.org,Guillermo,Satterfield,
24826725-56db-4267-9d4b-0894a4363ba9,dudley.watsica@welch.biz,Dudley,Watsica,
b7873f22-da4c-4f19-8c18-15321f056956,kieth_keebler@mcclure-hettinger.info,Kieth,Keebler,
7c707111-1e96-4ca4-ae1f-38e22dfcc05b,weston.baumbach@quitzon.co,Weston,Baumbach,
e4adc6de-205a-4232-aa84-1dca1459bbc4,goodwin_brook@grant.biz,Brook,Goodwin,
a991a648-6c13-487f-9511-662f43ecdcef,harris_leon@ohara.net,Leon,Harris,
b53349e8-4a9b-42b6-a335-1bac1d53068b,douglass_grimes@mclaughlin.name,Douglass,Grimes,
19cb0dfe-ee1c-4fef-bbf5-e5082e41c856,trinidad.hansen@witting.biz,Trinidad,Hansen,
8aa27324-0253-4e6b-85d7-4c6cc4abb25e,benjamin.spencer@harvey-hegmann.net,Benjamin,Spencer,
a82a92ce-6c2e-48fd-894f-822e01e42248,o.jonathon.kon@schinner-hickle.name,Jonathon,O'Kon,
f85b0a7d-47b0-4dcf-baec-a458d61d86aa,maggio.jonathon@king.info,Jonathon,Maggio,
9dffe66a-7fb5-4ee2-9f48-f8977a3cc61c,wyman.natasha@wilderman.biz,Natasha,Wyman,
96506066-d657-4958-b22b-ddcdd333ec73,hahn.lannie@oreilly.info,Lannie,Hahn,
b11dbfbe-54ef-4856-b720-893cd5243304,toney.wehner@haley-medhurst.co,Toney,Wehner,
4faba0e5-98ec-42a1-a640-8e8b0bfd142a,stoltenberg_sonny@zieme.net,Sonny,Stoltenberg,
51c6e485-e46e-42d1-be32-c63e850ad363,connelly_stacey@bruen.biz,Stacey,Connelly,
ed17a786-9e32-457d-b905-aae185993036,barton.venus@moore-von.org,Venus,Barton,
2c1552b2-eebe-40cf-a668-18f7f8ce8391,schaden.randell@mccullough-pfannerstill.info,Randell,Schaden,
3bc4f6cc-d1a5-4ebb-b6d5-71a1da160674,lura.jones@smith-ernser.net,Lura,Jones,
bcd4b736-41fe-412e-ad2a-9692f71f7a05,darrel_hoppe@schaefer.com,Darrel,Hoppe,
d09fc691-3457-4394-b327-20082468f10d,keesha_hettinger@wiza.io,Keesha,Hettinger,
172dd972-737a-4b28-a070-f688f8835c81,kenny_herman@schamberger.com,Kenny,Herman,
f7cb77b1-b7a0-448e-baf2-572c813be51c,darrell_roberts@wyman.co,Darrell,Roberts,
d43a3892-d97a-484c-9fda-fe86368b81ea,paucek.jon@keeling.biz,Jon,Paucek,
fbb9d040-0552-445f-b306-c158b6e7a44c,avery_medhurst@dubuque.biz,Avery,Medhurst,
9c424133-0575-4ebd-b5be-e84224aa72c8,elvira.hermiston@gibson.info,Elvira,Hermiston,
0a345fd5-5acc-485a-807e-bbdda0b430f2,aleida_fahey@white-wolff.name,Aleida,Fahey,
6f003149-2f69-4b8f-aed3-d49e821d8738,buckridge_wendell@price.com,Wendell,Buckridge,
f4207747-4c41-44c4-84aa-fea344e1289a,magan_halvorson@gleichner.org,Magan,Halvorson,
265e432f-9c48-4382-b7c9-3dc2845392f8,shirl.okuneva@macejkovic.io,Shirl,Okuneva,
67683874-040d-4e11-b436-6253a5b03120,ratke_hank@hane-raynor.com,Hank,Ratke,
438c4b4b-4c85-43df-ae33-fd67cfc03993,miles.graham@bednar.co,Miles,Graham,
036a3f8e-7370-4c69-a523-a194435a6c88,morgan_sipes@schroeder.name,Morgan,Sipes,
ba42cc87-061c-4e02-82e9-8cee439e563e,balistreri.steven@stokes.biz,Steven,Balistreri,
29101fa8-d4d6-4656-a78c-4aaa801cf22c,wynell_hermann@damore.com,Wynell,Hermann,
4700eb2f-3753-4ddc-b866-93958eb26b74,josef_predovic@feest.info,Josef,Predovic,
2baf8c3e-5897-48ce-ac1c-3d6a09bebfcb,crist.leonor@halvorson.org,Leonor,Crist,
bd4a554d-0d16-49e5-a332-ddd757d834c7,voncile.wiegand@auer-tremblay.co,Voncile,Wiegand,
5f01bc99-1607-4686-92c7-c30c2de46645,langworth.elbert@bechtelar-hintz.org,Elbert,Langworth,
bfb2b585-5b5a-496a-bc72-eda67e9c295b,hartmann.guillermo@wolf.org,Guillermo,Hartmann,
249e0ed0-bdd6-432c-a8e9-a276a747f4dc,bayer_gabriel@satterfield-lang.name,Gabriel,Bayer,
154d926d-3b49-42dc-b293-8f17189f62fd,donnelly_lavone@nolan.org,Lavone,Donnelly,
8bae4a20-ec6e-4870-805b-3e68d0c180b2,antonia_deckow@gulgowski.com,Antonia,Deckow,
f7c5c028-5151-4198-98ff-1c9a27750eeb,bernhard_alfred@dare-bogisich.net,Alfred,Bernhard,
c295e034-d286-4c08-94a5-938b2e1e0d5f,carolyne_metz@adams.com,Carolyne,Metz,
d9637fbe-993c-49dc-9048-23421b0cad83,walter.doris@mills-hahn.name,Doris,Walter,
cfa3c095-f5a5-427b-ab5c-7b24b492ff03,donte_brakus@trantow.net,Donte,Brakus,
5a6b6648-357a-4415-89e7-f7759bf41023,kassulke.darell@will.org,Darell,Kassulke,
4615676f-2b69-479f-a684-a93a49938a3f,hessel_patricia@monahan.info,Patricia,Hessel,
a32d903d-99af-42f0-81ee-6f7a060acc98,champlin_joe@emard.net,Joe,Champlin,
2bf19bed-4a57-4b24-80b9-019a666d9387,marge.senger@fritsch-nolan.name,Marge,Senger,
169e07a1-1dc7-40d7-9901-6b2967f580b3,rutherford_edward@bednar.info,Edward,Rutherford,
ec0a910b-eca6-42be-b0a0-299bd95b24d3,legros.timothy@price-wyman.name,Timothy,Legros,
42ef186c-8873-42b2-bd94-9e71ab757d17,funk.loretta@weber.io,Loretta,Funk,
45ed45be-b033-4af3-a73d-d87787f56f42,bosco.alex@beer-beer.info,Alex,Bosco,
27800342-a0d6-451f-8573-af12cb6ae6ee,larkin_merry@rodriguez-nicolas.com,Merry,Larkin,
b4cd36d0-5c10-4212-8862-d8a816fb60b6,gleichner.gilbert@bosco-shanahan.net,Gilbert,Gleichner,
dd1aa3bd-5389-4112-a8a2-68921ab30857,queen.grady@konopelski-sauer.net,Queen,Grady,
197160bb-f38e-4c00-a12d-b699f8e222be,nicholas_leuschke@feest.org,Nicholas,Leuschke,
ee9abfe5-66b9-4a10-87ee-b59eb69df12e,jaskolski_gavin@schuppe.net,Gavin,Jaskolski,
85eb8436-e8bd-4220-85ff-06c0a05a0611,kemmer.marcellus@marks-hirthe.info,Marcellus,Kemmer,
af99bdc8-c136-4a4a-8628-a1abcc923e98,kris_winnie@raynor.co,Winnie,Kris,
c26d289f-9720-4d9a-8250-54f9d6fecf0e,williamson_zachery@huel.co,Zachery,Williamson,
7fe574ea-4aa1-4dca-ae16-18691bfa6536,shirlee_parker@dibbert.net,Shirlee,Parker,
ad7f217c-ffb9-4082-87bf-32067982b90b,emard.jerica@nolan-anderson.name,Jerica,Emard,
af9563ed-d4b8-4d18-a006-2d060890d0a8,denesik.arnold@davis-harvey.biz,Arnold,Denesik,
4c2391ad-dccb-427c-b59d-e7f6d5aabc86,abdul.kunze@lueilwitz.com,Abdul,Kunze,
f3919643-46aa-4e22-9ae7-b9025ed996f2,walker.mckenzie@okon-cassin.biz,Mckenzie,Walker,
30a5c97a-fba0-4ad3-b537-0976f63d3187,mickey.hane@cassin.io,Mickey,Hane,
5d0d12d8-6ea8-4654-ba44-5c1930fff458,mikel_mann@skiles-hoeger.com,Mikel,Mann,
a28280f2-181e-4555-87b1-cffda85919ce,mosciski_earnest@bogan.biz,Earnest,Mosciski,
7d5fd616-ea84-43c1-94c5-70831d7fa13e,laurel.bailey@deckow.name,Laurel,Bailey,
402900cc-e9cc-4cd9-8d95-18bd3c5a8d9f,wolff_gaylene@satterfield.biz,Gaylene,Wolff,
9a94d940-2dc9-4788-a0cb-7246bf6d3bcb,padberg_emil@kozey.name,Emil,Padberg,
38c2eb8b-a345-4891-8f2a-00e986341330,xenia.wintheiser@miller.co,Xenia,Wintheiser,
2211c8a3-f604-4370-b2ad-9cd784bc3065,konopelski.elwood@spinka-gutmann.biz,Elwood,Konopelski,
6e87c111-98a6-48d5-8a15-5a215db5041e,schaefer.nannette@cruickshank.name,Nannette,Schaefer,
2a1b4adb-aa91-45a2-8189-cf6bfe1b84ae,casey.hermann@fahey.biz,Casey,Hermann,
37707bb1-6ca6-4fba-9ced-6e29209c8255,runte_maudie@schuster.name,Maudie,Runte,
ded5ed2b-64e9-487f-8d89-9fee5d1f004c,tyson_barrows@reilly.org,Tyson,Barrows,
6d2b8c3b-2639-4342-9908-70bf9196ad02,johnston.daren@wuckert.info,Daren,Johnston,
aeebe6f3-143a-40dc-a625-73324e4e2c8a,wehner.hye@heathcote-gleichner.info,Hye,Wehner,
14db67b2-eb25-4bae-8c26-8ad79421e30e,ashlee.roob@emmerich.com,Ashlee,Roob,
0042e904-0473-48d3-8175-f1fd06db0b64,nicolas.kihn@dietrich.net,Nicolas,Kihn,
d69a0084-7419-4951-a098-66399100b7db,ayanna.treutel@kling.info,Ayanna,Treutel,
2a9128e4-94b9-492a-b84b-2cb5e6336e17,reinaldo.hammes@walker.io,Reinaldo,Hammes,
87647efa-7e5e-4dc6-8a54-90ccdfe4772e,rosalie_west@funk.org,Rosalie,West,
30e4daa5-328c-4d17-ad86-d28b66df210c,ronnie_weissnat@kreiger.io,Ronnie,Weissnat,
71511d28-8f4f-4f13-b178-2b7132c5d7b4,daysi.bechtelar@luettgen.io,Daysi,Bechtelar,
15400952-92c8-4495-ad93-7de68d7f4283,cathey_sawayn@sauer.name,Cathey,Sawayn,
d42853d4-77aa-47fb-ad2b-7165cd7ab38c,nolan.muriel@mayert.com,Muriel,Nolan,
e8d5b275-24d9-4661-8e50-33a4a6a20c57,marlin.white@schuppe.net,Marlin,White,
c6ff922d-7431-411a-a061-4cd30d5e012e,hammes_holly@bogan-zieme.info,Holly,Hammes,
e0e0425a-39a4-4615-b21e-b489c2090255,marvin_patricia@ferry-torphy.info,Patricia,Marvin,
8e8d4494-f8d6-489c-a4c1-104a7e8d6296,upton.jess@yundt.net,Jess,Upton,
3217ed49-1f5c-499b-9456-b0860ad609d6,schmeler_carolin@thompson.name,Carolin,Schmeler,
ef1dd44e-2acc-413b-b0ec-4b041ac02c2b,delmy.haag@kub.co,Delmy,Haag,
2057bd30-4e1a-4b93-93e1-5cda39521c01,raul.dickinson@kiehn-crooks.io,Raul,Dickinson,
7dcc7e78-6c79-47c9-be8f-f715cc0023fa,verda_stark@oconner-denesik.biz,Verda,Stark,
71c5eddd-c031-4f70-a82a-ef90ef86c551,vicky_miller@lang-considine.biz,Vicky,Miller,
864679ce-18c9-40a1-9f98-ca66d51cd3e3,barton_hyun@emmerich-purdy.info,Hyun,Barton,
4e407102-0064-4551-b905-d5b8394dc6a4,gertrudis.spinka@johnson-herzog.biz,Gertrudis,Spinka,
35d03ad3-846f-47ed-82e5-6b8925e5145b,lehner.sonja@hilpert-mayert.name,Sonja,Lehner,
f3a100ce-9723-466e-808e-826ea09672cc,swaniawski.ilse@williamson-bernhard.biz,Ilse,Swaniawski,
4d9424ae-22eb-4d45-84f4-f58a473900a2,graham_renner@deckow-borer.net,Graham,Renner,
69a61f66-bea5-4041-a4db-c2933b0f18b1,weber_aurelio@mohr-wyman.info,Aurelio,Weber,
e2edfeed-779e-4fb1-8559-d1df8f03bf60,welch_clemmie@kuvalis-bashirian.io,Clemmie,Welch,
59b58ac7-89b8-49c2-a6b8-bcbe834c4beb,reilly_donetta@powlowski.info,Donetta,Reilly,
e2831ec6-5d35-4303-9285-2abfd979ef87,heller.pamela@damore-cronin.io,Pamela,Heller,
cfa7a84b-4b96-4785-9b84-db6525e82fae,sandi.schinner@auer.io,Sandi,Schinner,
edd5d541-f30d-41b1-bd1f-ea0abd928f99,dewayne_pouros@klocko.biz,Dewayne,Pouros,
d980213a-843d-4cae-bc74-1912d09acd8c,feil_kendrick@hintz-boehm.name,Kendrick,Feil,
b918e3fb-222a-4054-82cb-077d8c269456,howe_maurice@daniel.name,Maurice,Howe,
3dfdd7ca-fd60-4cc6-aedd-3662c7207b0d,breitenberg.january@langosh.co,January,Breitenberg,
b644ebd9-7094-4800-86b7-700d1531363a,josefine.oberbrunner@oreilly.org,Josefine,Oberbrunner,
9652810f-3f10-462a-ab69-8a5c1d1bcdaf,welch_marilou@beier.info,Marilou,Welch,
0dd4aed0-7200-4fd8-9aa1-046180b7796d,hoa_windler@brakus.io,Hoa,Windler,
bc2fbac2-29bf-44f2-92cc-394c412c1d54,hamill_osvaldo@volkman.net,Osvaldo,Hamill,
ba106c08-3983-4334-b376-4665fedc6acc,rocky.emmerich@waelchi.org,Rocky,Emmerich,
0a1f39ee-5647-4532-941d-246b2520bd94,cartwright.holli@von-veum.io,Holli,Cartwright,
94e3efb5-4620-4187-b245-c774ef9a4ce8,kuphal_shawnee@crona-muller.biz,Shawnee,Kuphal,
ef398978-e45e-4a3a-92a0-32c2153b0d27,coy.bechtelar@legros.net,Coy,Bechtelar,
881abe03-4ba6-424c-8370-a0f21b34fdea,upton.mazie@gorczany.io,Mazie,Upton,
ffce48e2-1c12-4b5d-8464-6eaaf3fe376a,mayert_juliann@corkery.org,Juliann,Mayert,
bc9ebb5e-8fd5-4b96-bda3-f315a800bdb1,west.teressa@oconnell.com,Teressa,West,
5ffe024d-ba76-461e-827d-c407f155967b,wiegand_audra@romaguera.name,Audra,Wiegand,
b393b41e-4914-4f70-aa00-d35f69019342,claud_frami@johnson.co,Claud,Frami,
dcdcf8e6-5090-44f5-8c1d-544c86da3f00,bessie.grant@batz.info,Bessie,Grant,
cb405d9b-f750-46bc-b440-8247d542667f,camila.upton@cummings.info,Camila,Upton,
25fbc7df-73a3-43cf-8b1e-0f214d210b72,bartoletti.jim@cremin.com,Jim,Bartoletti,
5ca9f79f-0895-4004-a28c-67c24261f8c2,kovacek_dario@renner.biz,Dario,Kovacek,
7eb073af-1377-409d-90ef-55db627852d2,pagac_vince@yost.io,Vince,Pagac,
90c504c5-4304-426e-8e82-2486adcf449e,gutmann_anthony@simonis.org,Anthony,Gutmann,
123f4300-317f-4b53-a1f3-ee8e0bb4616a,malia_lueilwitz@cartwright-torphy.org,Malia,Lueilwitz,
2493a871-90c4-4b5b-ae7a-157979bbe8f6,tremblay.becki@cole-hintz.io,Becki,Tremblay,
077c9ae1-62c7-4789-a29a-c34b44ba0b2a,greenholt_leonida@conroy.net,Leonida,Greenholt,
cb581fc6-cad6-4b0f-ba6b-b271a43c14f4,earlean_crooks@ortiz.biz,Earlean,Crooks,
7e6a5b1e-3e00-44b5-af1c-98ba69a5d2f7,wisoky.jessika@okeefe-marvin.io,Jessika,Wisoky,
f5fce496-e8aa-46a2-8656-dadd6622090c,gleichner_blanca@trantow.io,Blanca,Gleichner,
dea6b0e2-b78c-4e08-a765-ae66335b1fbc,mcclure_latasha@miller-quigley.org,Latasha,McClure,
51de6d71-ec87-496e-be3b-88aec242823d,littel_kenyetta@gorczany.org,Kenyetta,Littel,
b7092aaf-b924-45e0-8f51-2b4ec9341915,mayer_rae@mraz.io,Rae,Mayer,
8343b507-afcb-4b26-857c-adaea5218c85,lyn_gleason@schimmel.biz,Lyn,Gleason,
2e48b9fb-d66c-46f1-954a-263d62eece6c,o.connell.fritz@boyle.org,Fritz,O'Connell,
a64f461a-1ca3-4d15-a891-b9c30b2478f4,greenfelder.augustus@torphy-pagac.io,Augustus,Greenfelder,
6d0501aa-7aa2-427c-8c4c-1d894ffbff81,armstrong.barrett@rosenbaum.net,Barrett,Armstrong,
d23c99b3-25ac-4876-a7c6-8dc8954e606c,winston.streich@funk.co,Winston,Streich,
ee015e6c-e1d9-4dc8-9527-a21d86a19458,larson_cris@thiel.info,Cris,Larson,
84d658af-f391-47d4-acbb-c5e383c11a3b,sal_robel@russel.org,Sal,Robel,
806a966a-85e1-4f9b-8ffc-76d67eff13fa,lehner_naoma@dickens-mcdermott.org,Naoma,Lehner,
f09faeae-1651-4578-823a-de74d0e4d722,nereida.cartwright@hoppe.net,Nereida,Cartwright,
bc91a383-ac9e-46f9-bd64-35471775bb8d,ernestine_spinka@raynor-bayer.io,Ernestine,Spinka,
d6db2c61-7da4-4e4d-8cd6-ce43d4d9fdfb,lilly_strosin@gislason.name,Lilly,Strosin,
0823dd60-8c66-46bb-8ecb-7835719ba92a,jonna_fisher@nader.info,Jonna,Fisher,
7a02c551-2312-4694-883c-185f8d6cf929,reynaldo_heller@grimes-kassulke.info,Reynaldo,Heller,
fe692fc6-9c5c-4578-a6eb-c874dcb35f1a,mose_kulas@nader.com,Mose,Kulas,
e416a9f5-c3be-40ac-979a-88a3ff22ac51,luettgen.luis@stark.org,Luis,Luettgen,
9cc11449-0252-4521-8094-0225b9c7b92a,kasi_hyatt@hegmann-smitham.com,Kasi,Hyatt,
3872726b-8c1a-4107-b50f-2ce206628cf1,neville_feest@bartell-schowalter.name,Neville,Feest,
7dcd32fa-e365-4f94-b241-12942606cadf,jerde.basilia@cremin-mckenzie.com,Basilia,Jerde,
4752ba1f-436c-4d52-aab6-f9390b73cbba,nerissa_hintz@stoltenberg-hermann.com,Nerissa,Hintz,
615a627c-2eb5-4338-80a0-eeecfe63ffac,hermann.juliette@mcglynn.net,Juliette,Hermann,
20e22341-b668-455a-b6df-72bdbc43d736,bergnaum_aundrea@schuppe-crooks.co,Aundrea,Bergnaum,
5a8474f8-412b-42b5-ba23-7decdd8b3beb,gary.hamill@davis.name,Gary,Hamill,
ce25b51b-779a-492f-8d54-cb825c184980,kuvalis_nena@schroeder.org,Nena,Kuvalis,
1f713821-6d2c-4a5e-a6d8-b2db2e4488a0,quentin.wilkinson@kihn.net,Quentin,Wilkinson,
2dafc0ca-5139-46d3-8f03-3173441ad3ea,franecki.earlie@schimmel.co,Earlie,Franecki,
ef3acc4e-a262-4234-addd-82b60078813d,travis_wunsch@smith.com,Travis,Wunsch,
357d5780-6855-446d-9b49-816a18ec39c7,cythia.mayer@reinger.com,Cythia,Mayer,
a66d6cf7-f4ad-41c7-9f80-21081f35997f,murphy.dave@schroeder.io,Dave,Murphy,
6789f07a-abef-438f-8ab9-702462b69540,koch.deonna@bartell.org,Deonna,Koch,
5f069d4f-dc9d-46bb-a0e3-6341c41cd0c1,gus.farrell@johns.info,Gus,Farrell,
61b72778-8517-4e46-b4d0-8a77b8df6e7d,blythe_reichel@marks.net,Blythe,Reichel,
f3d5b88c-22f9-48af-ac65-9ecb73ac3d61,schroeder.dawna@powlowski.net,Dawna,Schroeder,
93e2de3f-019d-42d8-8cac-2ba2bcff70ce,boehm_burt@gibson-jenkins.org,Burt,Boehm,
7e93b491-8f11-45e0-a54a-144ea8bb3e87,mcdermott_cicely@reichert.co,Cicely,McDermott,
b4342c28-c11d-4d89-be88-e0e1337b23b0,carter_enriqueta@sipes-hettinger.com,Enriqueta,Carter,
3245c970-6eb7-4a35-b807-65a0da81f6c8,jolanda.weber@hettinger-stoltenberg.com,Jolanda,Weber,
03af2ba8-46fc-4d17-a32a-352f5195b042,ruecker_love@rice.com,Love,Ruecker,
d2b0ec7a-967e-4668-9d39-cad08fa288a5,rhett.marvin@ward-littel.info,Rhett,Marvin,
7599017a-68f7-4ea5-8273-7d6b54060372,geraldo_considine@doyle.org,Geraldo,Considine,
75410149-6dee-4a80-9b31-ffb1f3308949,jacobi_kina@wintheiser-wilderman.net,Kina,Jacobi,
75454d00-9194-41a1-8a2c-c8cf4c8ffe46,bahringer_elizabet@armstrong.biz,Elizabet,Bahringer,
015fd973-e8b7-46e0-b600-cc35d5e95662,ritchie.kristan@heaney-gleichner.biz,Kristan,Ritchie,
8eedab5b-7b2c-400f-98ea-f06b17c2bedc,rickie.russel@koss-lubowitz.co,Rickie,Russel,
5d8052ab-074e-403d-95c5-20eb27367297,yundt.joseph@gibson.info,Joseph,Yundt,
6d8d3108-240f-4bae-aa1c-91fd7ac381da,stracke.heath@bins.info,Heath,Stracke,
a8d9e22f-e3a9-40bf-b450-bd16aca34709,yuk.shields@wolf.org,Yuk,Shields,
959b48ba-c06d-4203-9b3f-7ba5662bc016,wolf.dewayne@mckenzie.com,Dewayne,Wolf,
5a954e50-f3f7-4fa7-8912-f4bca74b084f,del_hintz@kemmer-lakin.co,Del,Hintz,
d0f3c000-ee0e-4bcb-a702-e8c5d9bc90b9,rowe.joya@mills.name,Joya,Rowe,
f755b109-63ae-4d58-a919-cb8f7136a57e,kreiger.rudy@bashirian.com,Rudy,Kreiger,
c2f2ba31-b859-4bf0-9536-7ad5849fa89b,hessel.robt@moore-streich.name,Robt,Hessel,
d45a6636-1cc7-4a27-8f6c-4b8b3d06dc59,calista.rosenbaum@robel-torphy.biz,Calista,Rosenbaum,
eac45683-e1f8-43d2-ab28-b7ee1279f682,kshlerin.stacy@herman.info,Stacy,Kshlerin,
73dc7747-624f-4adc-81f6-b54257598a9e,gregorio_wisozk@olson.org,Gregorio,Wisozk,
ff23f65e-28f7-49fd-8e82-93583eef8e87,hoppe.ema@bode.net,Ema,Hoppe,
e75a4683-9365-422b-83fb-2c9bf552bf6a,crooks_shirley@homenick-volkman.info,Shirley,Crooks,
3f5a2468-f041-467f-a83d-5d55b7eff929,cicely_brown@oreilly-hyatt.co,Cicely,Brown,
c8f4df9e-8d16-491f-acea-c60df54b6958,haywood_yundt@effertz.name,Haywood,Yundt,
dbefb7a7-e16c-4fa3-b6d8-cf12273ca4b5,molly_johnson@daugherty.org,Molly,Johnson,
9866270d-83cc-433f-a937-73ba4a87ffb1,robel.brendon@ondricka-shields.name,Brendon,Robel,
9201914a-ca83-4aed-b069-6d50ec21f625,allegra_pollich@adams.name,Allegra,Pollich,
d61e4bba-e225-49cf-84dd-abf01904dcdd,rath_sumiko@mitchell-oreilly.name,Sumiko,Rath,
9e94343a-4922-46db-97ca-88f7188edbc2,lang_virgil@beahan.co,Virgil,Lang,
7e5dd92c-f091-4539-9538-695d8a17d243,zulauf_trenton@dooley-christiansen.org,Trenton,Zulauf,
b1715770-e1a0-4f19-8771-f5defa3ab84f,hoppe.guadalupe@graham-towne.io,Guadalupe,Hoppe,
e0753f17-d803-4157-a629-5cb7fd915f94,watsica.myra@rath-waters.org,Myra,Watsica,
79223714-881f-41ce-86c3-052816a9ebf0,schumm_young@herman.com,Young,Schumm,
2bfc8867-c0b8-4352-8b1c-fcdf156d2eb6,donnelly_miguel@pouros-hegmann.name,Miguel,Donnelly,
a927c85f-7730-4330-a074-dae397ae51a9,kyle_bins@kling-kris.biz,Kyle,Bins,
607a8d17-d21d-4d9d-a516-916db40252ac,shanti_kreiger@crist.com,Shanti,Kreiger,
dccc83e7-e35a-4483-9016-00fad9312da5,carina.moen@schaden.com,Carina,Moen,
44f55dd2-95d9-458c-8636-b2b252070f7a,miller.chun@blanda.name,Chun,Miller,
3e25d0ab-20f4-4f8e-9aa5-b0d079b2dc59,boehm_mabel@abernathy.com,Mabel,Boehm,
01f5327c-71c1-4b9a-8129-facffcd4d984,lura_strosin@wiza-carroll.net,Lura,Strosin,
3bacb262-7c3a-4599-b932-63d2d88bb9e6,jerold.konopelski@jaskolski.info,Jerold,Konopelski,
f1053b95-0894-4fb6-a315-5c5cd0680352,gorczany.randell@cormier.info,Randell,Gorczany,
789dd0da-f4de-482b-9065-c43e2b56f393,medhurst.cortez@pouros-simonis.org,Cortez,Medhurst,
2608e46d-14be-4e49-8618-8f9b2b151ffd,grant_lester@casper-witting.info,Lester,Grant,
b84716b9-b510-43f8-9bc3-146056376b7b,schultz.sang@wintheiser.info,Sang,Schultz,
c6d44a59-95b7-4284-88e1-6a5e7ac2d042,feil_lecia@satterfield-frami.co,Lecia,Feil,
42841501-f2da-4abe-b127-b925d2bcc73e,alana_monahan@beier-gorczany.co,Alana,Monahan,
920f316c-9bd9-45d8-ab98-cdfb79304b00,kuhn_osvaldo@funk.info,Osvaldo,Kuhn,
471428d3-155e-4d2a-8fbe-1da2292e4449,zulauf_burt@dubuque.name,Burt,Zulauf,
efa6a006-8864-4198-9e86-75c8ff04358b,adalberto_o_keefe@marks.com,Adalberto,O'Keefe,
f9c8a138-2fad-488d-a9a9-656097504fc3,brown.dyan@cartwright.name,Dyan,Brown,
a10bfd43-8d53-4a2f-91d1-63c2ca5948c6,goyette_emil@green.biz,Emil,Goyette,
4ce20748-0baf-425c-aa88-02d053315f02,gottlieb_raye@tromp-conroy.net,Raye,Gottlieb,
47fa062d-574f-4a06-9c88-bf032c353e59,renner.sherie@osinski.name,Sherie,Renner,
8868f5c1-63e0-46a1-80f8-ca0265571685,alfredo.beahan@torp.net,Alfredo,Beahan,
fe5174f5-238e-4957-9625-0745cf1ab169,wes.stamm@kohler-wiza.org,Wes,Stamm,
d1bcb39a-8536-4679-99fa-c084f9e197d0,feeney_gus@rath-schumm.org,Gus,Feeney,
6a2224bb-c0ca-41c0-ad22-76ee4d1600e9,katherin_nienow@turner-trantow.com,Katherin,Nienow,
8c144178-0db0-4bfb-8100-2d873320b240,greenfelder.leif@yundt-blanda.info,Leif,Greenfelder,
4c7b7697-2dad-4db5-8d40-37aa08997bdd,jonathan.daugherty@stiedemann-waelchi.name,Jonathan,Daugherty,
9882e5d8-bd30-4d1b-8fcf-4a0470e95ef5,lindgren_columbus@aufderhar-kris.biz,Columbus,Lindgren,
21964512-43fb-4804-bd38-129378e0af27,prosacco_lakia@raynor-oreilly.name,Lakia,Prosacco,
ee007cbd-b670-4e89-9cc7-3ac5165caf25,fidel.davis@krajcik.com,Fidel,Davis,
d97d077e-ebcb-40ec-b2aa-661d9b26b608,michael.beatty@herzog.name,Michael,Beatty,
d9f6959f-6459-40b8-9163-385682e836a2,leigh.hamill@harris-watsica.biz,Leigh,Hamill,
42d59b0b-1d8f-44d9-9164-a1eb57fccf2d,schultz_sterling@torp.net,Sterling,Schultz,
8a43be94-f95e-4bba-9034-c76ece053bd0,suk.jacobs@willms.name,Suk,Jacobs,
863c3217-c899-4ef2-90de-301e76b120cf,harris_jetta@balistreri.io,Jetta,Harris,
a67b7922-9963-43bd-9140-7951d0093681,gulgowski_elois@nitzsche.net,Elois,Gulgowski,
52958804-fb6a-4d03-8278-d660f5f74474,lisabeth_williamson@feest.info,Lisabeth,Williamson,
4c27f2cd-aa5c-4442-8959-c02bfe9a1de5,kling_robbie@schultz.net,Robbie,Kling,
8ab65fb4-7e8c-4662-8263-cea7c301f573,tyler.kovacek@hettinger-collins.net,Tyler,Kovacek,
82df5a9a-ac0c-4de4-a93f-664602258ea2,jacobi_cameron@terry-kerluke.co,Cameron,Jacobi,
0848b127-6a32-458f-8518-d54436ddf78c,wyman.kalyn@bechtelar-hyatt.org,Kalyn,Wyman,
0528edfb-8183-4cb8-9622-687859f2cd97,bauch_catherin@hudson.com,Catherin,Bauch,
ce659491-04a7-4e67-8f57-2e85e091407a,schoen_chas@murazik.co,Chas,Schoen,
11594aa1-ffcc-410f-84ad-9bee98c5318a,pat.ferry@veum.biz,Pat,Ferry,
ad1a90fb-0fd5-40ff-8c53-89393f77385a,wilderman.telma@goldner.com,Telma,Wilderman,
501de021-3a0c-42c4-b77c-18ded292a49f,ron_breitenberg@reynolds-buckridge.org,Ron,Breitenberg,
b3ef27dc-20ed-4262-a53b-4bad9fe2deeb,roseline_goodwin@ullrich.net,Roseline,Goodwin,
162dd897-a560-49f5-a3b6-6b85094c41d9,pacocha_hosea@spencer-jacobson.io,Hosea,Pacocha,
54a724c4-a743-47f2-ae8d-e83061a25372,sibyl.gleason@ruecker-bednar.biz,Sibyl,Gleason,
38074b8a-9bb2-4fb6-b42d-3409fc65acb6,sauer.sunday@kohler.net,Sunday,Sauer,
dd139579-941e-49e9-995b-40950216a5e9,darrel.o.keefe@torphy.biz,Darrel,O'Keefe,
c2063259-67b7-4266-b32f-0709fb3c6b0f,phillis_legros@ferry.biz,Phillis,Legros,
1d299636-e9e5-44b1-a59c-71635ff43454,lacy_kemmer@conroy.com,Lacy,Kemmer,
b16856d3-4b77-4095-983a-485d7b075511,rogahn_kim@tillman-murphy.co,Kim,Rogahn,
76e0377b-fffa-4f71-a325-398fd515460b,west.elayne@gerhold.biz,Elayne,West,
cc999aa5-8654-47fe-847d-6f0f9c12de19,kozey_nada@volkman.org,Nada,Kozey,
c791fb0a-2f53-4ee1-b338-21f7f7179c78,raynor_mignon@satterfield-graham.biz,Mignon,Raynor,
828312ab-2001-4238-a424-e5c9e5a2f609,leslie_osinski@hayes.info,Leslie,Osinski,
932fd5d0-370f-4bcc-b3cc-fc8a78062ead,kub_christopher@hammes.com,Christopher,Kub,
9110ab4d-6ddc-4e2d-9dba-554269bc6f48,cassey_raynor@rath-herzog.info,Cassey,Raynor,
ce783383-e5d0-46a3-a4c5-6670b0dc7f64,merlin.schulist@schoen.com,Merlin,Schulist,
c2b1fea6-6bdd-4f3e-85c5-8eaa5d17ee51,alaina.gutkowski@oreilly.info,Alaina,Gutkowski,
b522c162-f2a9-4d60-b975-6281a8b1ce42,trenton.langosh@armstrong.io,Trenton,Langosh,
e230bb56-8ab8-4f80-bb09-23c1e81bd8af,jama.oberbrunner@hickle-fisher.net,Jama,Oberbrunner,
e5762168-bb5b-41a8-8c14-8fb0ae064d83,moen.sau@howell.name,Sau,Moen,
67dd2555-8bde-4b71-a871-53c0045c5c1c,broderick.schimmel@daniel.net,Broderick,Schimmel,
c0c0b44d-ae89-4a53-bb6f-406198e7a4f5,wilfred.maggio@okeefe.biz,Wilfred,Maggio,
a8f50237-b8b2-4e09-acb2-65266d930f6c,sheree_ortiz@glover.io,Sheree,Ortiz,
4f30ad07-f64e-49eb-8939-5cd05e57402f,wyman_gary@casper-krajcik.info,Gary,Wyman,
7f2a6f92-5a66-435a-a613-2857755f8e4e,noe_lemke@wisozk.co,Noe,Lemke,
ba639fba-da64-4ac1-8fbe-9c85810559d3,bartell.jason@labadie-turcotte.name,Jason,Bartell,
155017d1-b8a1-49a9-a2f2-3b4c5a78ad89,littel_eloy@legros.net,Eloy,Littel,
0d681c27-f55c-4ba4-92ed-a8df02e7b708,lottie_donnelly@walker.org,Lottie,Donnelly,
cbe3b63c-5e5b-4420-aad7-3a979a85e101,jerilyn.mohr@kovacek.com,Jerilyn,Mohr,
c41dc764-4ae2-46cd-a4ed-ef90b9251e0b,hammes_ramon@willms.net,Ramon,Hammes,
d7c7dae7-41df-4920-8447-7ac60cf58fcd,cori_jacobi@prohaska.name,Cori,Jacobi,
ee967359-3e74-429c-a2db-cdd8181af003,marc_barrows@kunde-boehm.biz,Marc,Barrows,
17d28ad8-38b0-4354-a4e1-a727c9848fdc,debbra.ryan@daniel-ruecker.info,Debbra,Ryan,
df361990-7629-4633-a919-6a66d81a2fa9,herta.macgyver@oberbrunner-lebsack.info,Herta,MacGyver,
9adf3843-6d37-41d7-afc7-ad2da7fac5c4,d_malcom_amore@weber.io,Malcom,D'Amore,
9748a2a7-3d46-427a-ba0e-b5214c2d3719,blick_ana@stanton.co,Ana,Blick,
8bfbbfaf-b01d-43d3-b623-714b04cd2d24,conner_paris_o@tremblay-mann.co,Paris,O'Conner,
0fe99df7-4809-4675-b6f3-11fde41bb8f6,terry_cole@volkman.name,Cole,Terry,
8df56075-399f-4da2-9a77-89a5e44362e8,velia_stehr@sawayn.info,Velia,Stehr,
e91da066-8fef-46b2-bbea-c6be393b88e6,rosario_dare@wyman.org,Rosario,Dare,
00d58178-528f-4f1a-afb0-bd1d062994bf,rico_blick@runolfsson-torp.biz,Rico,Blick,
932e046b-5a8d-4a17-816d-fd342f97b1de,kihn_maxwell@feil.name,Maxwell,Kihn,
1b6a619a-b938-40df-9237-305dce36afed,mitchel_murray@schinner-hermiston.name,Mitchel,Murray,
e3458731-4de0-40f5-a4d4-e14b2b5a22ba,kia_frami@quitzon.net,Kia,Frami,
fef2bc72-33c6-4572-813e-f7ce264f17aa,botsford_dalton@ferry.com,Dalton,Botsford,
fa8c72ec-b921-4de8-9fb6-5ffcd5b47234,hagenes.amie@haag.io,Amie,Hagenes,
13d76dd0-4746-45a2-a954-05d5258b09b8,ayesha_schuster@dooley.info,Ayesha,Schuster,
1854ff70-e77b-4d15-95f1-0fc3db1df0a1,trantow.rachel@beier.name,Rachel,Trantow,
94cac68b-b069-4ba8-b91e-90bf5a758774,olson_quincy@mayer-kilback.org,Quincy,Olson,
193084c6-0ed3-44aa-af94-315c06fbd43f,guillermo.kshlerin@schmitt.io,Guillermo,Kshlerin,
5e166ca6-6bf0-48ab-bccb-9aa579ef2bb9,wisoky_kari@heathcote.biz,Kari,Wisoky,
6df9dfa6-28e9-49c4-bdfb-29b317c4ec08,demarcus_buckridge@mann-rohan.name,Demarcus,Buckridge,
1138ded3-7f38-4bd7-8ede-23057f2d767f,harrison_nolan@muller-rosenbaum.io,Harrison,Nolan,
aba37933-b5a7-43e5-a532-8b0eed4462ac,fahey.leonardo@padberg-gleichner.name,Leonardo,Fahey,
1672a6bb-89e5-4dc0-a79d-f160204b12e9,dotty.bashirian@funk.info,Dotty,Bashirian,
a43c1e7e-b841-4a43-9087-7f156380b541,elisha.stark@koelpin.org,Elisha,Stark,
c0e2496e-869a-4822-9ec5-37366c0f949e,gleichner_larissa@oconnell-zemlak.io,Larissa,Gleichner,
f3ffa91a-ae35-4276-bcd4-a720f609122c,vonrueden.anthony@leffler-gibson.co,Anthony,VonRueden,
b72d9553-7a24-4b3d-9431-84cb6e604a66,lou_bartoletti@bashirian.com,Lou,Bartoletti,
5ed8a31a-67c0-46f6-946c-83cc95825686,prosacco.thelma@goldner-beer.com,Thelma,Prosacco,
a27a3288-05b5-418d-9e8b-74dae6882ef4,runte.annalee@pfannerstill.biz,Annalee,Runte,
117a4f3e-b817-475f-8f15-14964db5adbb,bailey.boyce@hettinger.com,Boyce,Bailey,
fb51841c-3174-4ff9-b21f-559102580a6b,gibson_flossie@moore-fisher.biz,Flossie,Gibson,
92c0ebfe-e46b-432b-b1e4-47fc9f9ee74a,chantell.fritsch@kilback.co,Chantell,Fritsch,
4ad572ce-0a5e-4060-aea0-189fc80f42b0,pasquale_cole@howell.io,Pasquale,Cole,
c9c44c9f-0dcb-4dcb-9be2-eb577e06e868,roberto.conn@langosh-carroll.org,Roberto,Conn,
b9829356-685e-42da-a2f9-2907e273fd8c,dach_elvis@marquardt-jakubowski.info,Elvis,Dach,
2f6ea294-082d-43cb-9cb8-f12cce57b2c1,toy_rex@greenholt.biz,Rex,Toy,
c0182d22-89f6-48bb-9ee1-ee16233027bc,jan_sipes@miller.com,Jan,Sipes,
f3d10e0f-dbec-43cc-9787-d47aff323818,paola.dubuque@senger.com,Paola,DuBuque,
99522d0d-0d7a-450b-9212-acc51eb4ec31,weissnat_miles@koch.com,Miles,Weissnat,
e149464e-0d04-4746-a646-dd59979d1bdf,gleichner_waltraud@donnelly-frami.org,Waltraud,Gleichner,
5abdf403-2310-4963-8056-c587efe60008,simonis.valrie@schimmel.biz,Valrie,Simonis,
b8cc2738-f8b6-4abd-a5c0-c1084308d57e,rice.antone@haley-bauch.com,Antone,Rice,
88b17f7d-bf82-4437-9358-537010eebf7a,deidra_torphy@green-lubowitz.biz,Deidra,Torphy,
5291210a-d3c1-45ec-aa84-65d713c994a3,lehner_reynaldo@sauer.net,Reynaldo,Lehner,
20e154ce-e27f-464d-b5b6-17cf3be86a9a,danita_feil@greenholt.co,Danita,Feil,
854bf941-ba44-4f7c-8479-3211db66880d,miles_mcdermott@bahringer-paucek.biz,Miles,McDermott,
e73eec78-1e9e-4f81-a281-080180de819c,mccullough.noel@osinski.io,Noel,McCullough,
df91c863-9d76-4ea6-afed-2c9677abfce2,frankie.weimann@goyette.com,Frankie,Weimann,
109ca2df-58c7-49e5-b6f7-6c9dbb6d788d,toi.aufderhar@brekke-terry.co,Toi,Aufderhar,
227aa4fd-39a2-4eee-884a-417399cf1084,drew_nienow@huel.org,Drew,Nienow,
7b702a99-ab12-4d3e-981b-2ac3b451b234,deangelo.dooley@keebler.net,Deangelo,Dooley,
9e4233bf-e434-41db-90d6-5d168a6350ff,eliana.gislason@white.biz,Eliana,Gislason,
1a3e7381-80ed-42f1-a5c6-7dec13a9f946,dach_jae@fay.net,Jae,Dach,
0501e0ee-81cd-4004-ad8d-357a5b4359a4,clark.mann@bahringer.name,Clark,Mann,
9d10fa6b-1660-4825-a1e7-943254ebe3d7,shauna_borer@yost.name,Shauna,Borer,
91a01a84-d206-4997-9463-1fbdb31a45e2,mitchell_haywood@balistreri.name,Haywood,Mitchell,
1e8a4121-bee5-4467-9eab-bc8809901b46,lilian.stracke@renner-stehr.io,Lilian,Stracke,
479403fa-f731-4720-bbd3-b90e5126cc41,conner_o_wilbert@nikolaus.io,Wilbert,O'Conner,
32698d51-619d-425e-8b05-31c7c2d4349c,hickle.shad@wuckert.org,Shad,Hickle,
4711fc29-e976-421b-bca2-58b09d68694d,fahey.monte@swaniawski-denesik.biz,Monte,Fahey,
233e7912-2ace-48d4-853d-20fddc660b42,torp_georgette@hartmann-johnston.com,Georgette,Torp,
d646bff2-b421-43d3-974b-9d838e8f2487,feest_melba@carter.org,Melba,Feest,
21768ea3-7f5f-4469-9878-8b62dea4a2d9,considine_khalilah@carter-schmeler.com,Khalilah,Considine,
19da515b-d7b9-45be-8642-cc54b480a8ca,phillis.ankunding@schuppe.info,Phillis,Ankunding,
d4ac6d87-fbe2-492c-92ff-cfd64df965d1,keebler.ellis@hodkiewicz.com,Ellis,Keebler,
9a8a146e-14b6-421a-aa38-227b72791b13,elmo_torphy@parisian.biz,Elmo,Torphy,
63edf4a6-d584-4f31-8d33-4e875a05b339,stefan_dooley@johnston.name,Stefan,Dooley,
ad60fc8d-1ea7-4339-bbc8-00a766a87888,nitzsche.percy@barrows-gerhold.org,Percy,Nitzsche,
e719ef05-81d2-45e8-b1c9-b142cfbd4cc3,gibson_odelia@reilly.name,Odelia,Gibson,
3d2d5350-a028-431d-880b-becd36191bf1,latasha_gleason@reynolds.info,Latasha,Gleason,
d745fa8f-f42c-476c-b0e0-74f1e76d5c56,breitenberg.truman@marvin.org,Truman,Breitenberg,
82f53e2a-8f64-499a-8c41-79c783374b6a,faith_kassulke@oreilly.co,Faith,Kassulke,
e17f2634-a07f-447c-a904-00ebe6eadeaa,cole.lera@borer-prohaska.info,Lera,Cole,
394f740c-0230-4b67-98ad-032f3a19cfa1,silva.doyle@kuphal.io,Silva,Doyle,
96b33654-2dca-4de5-b039-f4fd717aa294,jacobs.noe@hilpert.biz,Noe,Jacobs,
9ab40631-58d2-4cc2-a59c-8ee5967a6243,vance.stoltenberg@schuppe-mcclure.name,Vance,Stoltenberg,
4ca52b46-30f7-4fbc-9953-35342b2fb508,herbert_batz@roob-kuvalis.name,Herbert,Batz,
8f5951c0-19b5-475d-a6df-264ee561da08,huel.moshe@kub.net,Moshe,Huel,
645a6b5a-ebcb-4100-a5d8-f622524e339e,marti_grant@graham-pfannerstill.biz,Marti,Grant,
1c8e392c-860c-4f6e-aff4-f44a23d70913,dooley_harold@ferry.name,Harold,Dooley,
2f5e3d8d-f6f5-41f9-b49a-d1b5a5163457,leannon_everett@lockman.info,Everett,Leannon,
9fe90960-ff3b-4456-b830-5e9cdb828d85,bogisich_chanelle@stiedemann.com,Chanelle,Bogisich,
abb4eaf7-a900-42ff-a29a-08c9123ffd02,clemente_bergnaum@schaden.info,Clemente,Bergnaum,
cbf0b6d6-2965-4e36-b4e9-b51640c54e55,hollis_crooks@feest-cummings.co,Hollis,Crooks,
bf88898a-25bb-4c79-a408-3a8b261ffe2d,borer.irwin@mitchell.biz,Irwin,Borer,
a2fc7374-747f-49cc-928c-0a8183fc48aa,eduardo_crist@pacocha.org,Eduardo,Crist,
ae7a820a-15a9-4d8f-8c29-3d1f4c573be9,quinn.greenfelder@harber-gutmann.org,Quinn,Greenfelder,
14c1ffff-bf7b-4855-a512-364480d300d8,russel.caleb@hane.info,Caleb,Russel,
139b3172-1079-424f-9d15-3c1ec81c8d05,hills.jeanett@williamson.co,Jeanett,Hills,
3b4865fe-9a6c-4cd6-88c0-a992131c7d63,waelchi_lawrence@gusikowski-hahn.io,Lawrence,Waelchi,
f3f723c8-1589-4910-b72e-26b0991e31b2,ezekiel_wintheiser@hoeger.io,Ezekiel,Wintheiser,
f38f4fc6-b7a8-4c4d-9aa8-32c7aa771d60,dorla.schmitt@walsh.com,Dorla,Schmitt,
618ed2ff-2c8e-4571-b746-acb7cfe46426,williamson.luis@feeney.info,Luis,Williamson,
a93b4789-e8af-460b-b23b-dfa1b178b831,isis.johnson@schinner-collier.io,Isis,Johnson,
cc05f4f4-244d-494d-9c9d-f8a48fa22239,farrell_brant@wuckert.co,Brant,Farrell,
5c34d52a-c073-4b4f-b8c9-a9f338d16aa4,kacy.jaskolski@haag-zulauf.name,Kacy,Jaskolski,
59a1df09-89c3-4271-9658-9c0ccc03ec70,clarence_bogan@zulauf-kerluke.com,Clarence,Bogan,
d71dcd2c-263b-4d71-bf2a-844685d9b27c,lesch.emil@bogisich.name,Emil,Lesch,
d1d7bbf7-9e98-4ca1-8071-ebe5ae7c8cbb,grant.genia@hammes.com,Genia,Grant,
e04965ff-9c2f-4218-b220-58a69633ba66,wiegand_halley@parker-schaden.info,Halley,Wiegand,
5c85c154-60c6-4c18-b043-0c69947523fa,schultz.eric@kling.info,Eric,Schultz,
733aa11d-5448-483e-94b6-2d8e8fbada82,abernathy_ferdinand@larson-johnson.com,Ferdinand,Abernathy,
be3f229e-bf57-46ee-b6c4-fee18f7778f5,schaden.marcene@stoltenberg-sauer.biz,Marcene,Schaden,
9f8e28a2-ef32-4719-a47f-56313e99c47a,jimmy_shanahan@dach-aufderhar.info,Jimmy,Shanahan,
a3c47cd4-2425-44aa-a7ac-75ca3d3ee845,weissnat_brandon@mraz.com,Brandon,Weissnat,
161e9cc4-4e32-44c8-91f2-bdc376f9cad9,blair_schamberger@cormier-cummerata.org,Blair,Schamberger,
1b92da7e-88ed-43dd-a5f6-39509da31db8,gorczany_aubrey@predovic-bogan.info,Aubrey,Gorczany,
f2cd8dfc-f789-43b4-b4c7-9b253cc8054f,white.rogelio@dubuque-brown.biz,Rogelio,White,
7ae871e8-a9c2-46e4-a310-b15a4eb0c7ec,daniel_simonis@brekke.net,Daniel,Simonis,
56373608-6713-4306-b3ee-ea48bde6a2e5,block_pablo@wiegand.org,Pablo,Block,
84a2c939-b035-4148-8150-436b1ee39084,ben_huels@bartoletti.info,Ben,Huels,
77f8bfa9-ddb8-44db-9448-c305e9b5b296,kautzer_sophie@kuvalis.biz,Sophie,Kautzer,
59c0a79a-d88c-49da-9e22-9b2c00f57ffa,alda.kerluke@erdman.io,Alda,Kerluke,
50712c5e-11b8-4ead-94f0-87afd5fc2a66,danyelle.reilly@osinski.com,Danyelle,Reilly,
aa0ad482-ea18-4e81-ad96-8b3accdf4b0c,salina_aufderhar@harber-grady.com,Salina,Aufderhar,
8c120613-f597-41de-8daf-d5d97b89164b,spinka.kyle@kris.org,Kyle,Spinka,
40fc2536-6fde-4506-922f-f16c111217b9,homenick_lewis@jacobs-armstrong.org,Lewis,Homenick,
2f998bd3-f8b7-4b39-ab3a-16409a3b1936,bogan_dong@lockman-baumbach.info,Dong,Bogan,
ac4ee021-76ef-4c0f-af09-9f5dffca34ee,grady.karissa@mcglynn-davis.name,Karissa,Grady,
b7a1c96b-16a5-4ab7-a869-e3dab7882c9d,hermine.schulist@ernser.biz,Hermine,Schulist,
214a0e4d-b865-49b3-88ca-5ed5f2d310c5,darius.barton@parker.co,Darius,Barton,
7e3ea1db-40f3-43b8-9653-80793271f6e7,elvin.langosh@funk.com,Elvin,Langosh,
1a85aadc-06f2-406b-84c1-a5c5d40be9b6,ruthanne.bauch@feil.name,Ruthanne,Bauch,
85b23200-a1a5-4f45-ba3e-7a4cf23a2a99,hessel_nathanael@rolfson.com,Nathanael,Hessel,
97ccba10-d8ce-4dc2-aa26-719a7c3430bb,michal_haag@lubowitz.co,Michal,Haag,
8e948c40-37e9-4429-b6ca-fdbf06b1811a,giuseppe_parker@harvey-considine.com,Giuseppe,Parker,
b9f3338a-6bae-4957-b6d8-9d3850085872,botsford.chester@lind.biz,Chester,Botsford,
9e92a013-7dcd-4862-acac-93cbd56f8d09,runolfsson_lala@skiles-christiansen.co,Lala,Runolfsson,
279953ba-60cc-41a2-9f12-2de7365f318e,alberto_pacocha@kris-ullrich.name,Alberto,Pacocha,
b274c7b2-021a-4a0c-8e0f-d2ec3b163a18,kovacek_lesli@gerhold-marquardt.io,Lesli,Kovacek,
121f8df7-2e6b-49ca-92b2-884c412634b8,carter_zieme@haley-kulas.io,Carter,Zieme,
6611c153-a15b-42de-8406-683ab4514381,heidenreich.berenice@feil-conroy.info,Berenice,Heidenreich,
f915a704-c503-4010-96ed-45a36bca4b51,annmarie.will@medhurst-pouros.io,Annmarie,Will,
1aa340cb-4d0f-426f-97a4-e9fbd8afe1e6,bernie.zboncak@kunde.info,Bernie,Zboncak,
f4414fca-71fc-4a42-9314-35922c2b1b36,hartmann.terry@schaden-boyer.io,Terry,Hartmann,
5d9f7d19-e935-49bd-973d-54a26c9a8bcf,daniel.rufina@orn-jones.net,Rufina,Daniel,
7f19a98f-6558-4522-af40-d12a7cbd9fb7,moen.keneth@haley.name,Keneth,Moen,
c0f21b7d-9158-44a0-83d3-0aed2c22764f,nienow_dayle@crooks.biz,Dayle,Nienow,
1b7883af-d110-4422-b65d-19ff33383718,upton_billy@smitham.biz,Billy,Upton,
1d6902c7-ada5-40cd-86ff-1d5375b373b5,lizzette.parisian@goyette.info,Lizzette,Parisian,
810205b7-48c6-4c90-b9a2-1a44fb86f50e,myung_block@little-tromp.biz,Myung,Block,
83098b14-c589-4740-913d-b7b2da56a2c9,everette.batz@swift.io,Everette,Batz,
aaea4b4d-ddfd-4024-9b62-c74d3e74d82e,elmer.nitzsche@terry-stoltenberg.info,Elmer,Nitzsche,
c2533ea6-f368-4386-96ed-95462f40e77d,isaac.lynch@weissnat.com,Isaac,Lynch,
9b6aaa9a-cedb-4f06-beeb-50f99b636af0,keneth.rutherford@brekke.co,Keneth,Rutherford,
f7d7e246-26f8-4f10-b288-e4d9021c18d1,mclaughlin.javier@corkery.com,Javier,McLaughlin,
c2e3dc07-ead2-402e-8b39-333062a1ab54,collier_darell@conn.co,Darell,Collier,
d0c618b6-50d7-4f75-bce6-8bd458859bf6,armstrong_nicolas@lindgren.name,Nicolas,Armstrong,
8e13418f-a5d8-4c96-881f-9301c7e6c7b1,boyer_reynaldo@hamill-sipes.org,Reynaldo,Boyer,
b7ed4ae0-16e2-4c74-a4af-d76859902855,hegmann.giovanni@stark-cronin.net,Giovanni,Hegmann,
92277b58-9a54-4438-8f81-90c64c46f0df,nolan_cristen@donnelly-pollich.net,Cristen,Nolan,
cafdc520-dba0-46ee-88e8-e5a26491e662,funk_jarrett@barton-fahey.net,Jarrett,Funk,
6cd28258-b6c2-4332-bf40-3f9119263817,scottie.berge@fahey-nicolas.net,Scottie,Berge,
e8c79210-eeb3-4376-8c0b-d27bdefd57a7,lockman_nick@leuschke.io,Nick,Lockman,
64466e06-939e-4498-be98-96ad167704c9,judson_ritchie@roberts-gulgowski.name,Judson,Ritchie,
6e70ae4c-3183-4328-93db-58bf74cc3dbe,haley_bruce@kreiger.co,Bruce,Haley,
e73e45b6-bdc4-42d9-aa67-25a85a7ee02c,tana_reichel@lebsack.name,Tana,Reichel,
1bfaddd1-5324-469e-91b0-edefa085497a,lynetta.rowe@nikolaus.info,Lynetta,Rowe,
877df310-b658-4ef1-a4a2-2e6efd0a0845,pat.schneider@stehr-treutel.org,Pat,Schneider,
e873cabf-d293-4e01-abd8-582b4befc26c,renner.paula@gottlieb-vandervort.co,Paula,Renner,
94b88981-a1f4-4433-9d84-0c92e46ea857,nicholle.mayert@bayer.io,Nicholle,Mayert,
0d8f2b57-4ad5-4d05-87a4-61fab500d49e,erlinda_toy@nienow-bergstrom.biz,Erlinda,Toy,
9626cae8-3a5a-4524-ba67-953af5975f60,pasquale.farrell@gottlieb.info,Pasquale,Farrell,
ea7ac939-be18-4b0a-bfc2-346f64f3cd74,turcotte.sammy@ryan-yost.com,Sammy,Turcotte,
371096a1-08b8-436c-9163-9f68adb6b421,waldo.beer@hagenes.info,Waldo,Beer,
58904b1c-68c8-4a10-81c0-dc2d778ce23c,durgan_helen@pacocha.biz,Helen,Durgan,
709b7393-bc63-4230-a5a1-0c7e789eb0ff,maye.little@nicolas-macejkovic.org,Maye,Little,
03b54e52-2ef3-4c6c-8f7f-fd1cb76c37ac,silva_bashirian@funk-kuphal.info,Silva,Bashirian,
a5c88b5f-a900-4fa7-8718-504b74273796,porfirio.waelchi@hamill.name,Porfirio,Waelchi,
dcb7ed57-0f22-4ba3-922d-f070ae647ad1,johns.bert@stoltenberg-mosciski.com,Bert,Johns,
d0d58dca-92d8-421b-a563-e01d35626fad,kassulke.clinton@conroy.com,Clinton,Kassulke,
b9e0e40f-6f43-415d-9e8a-a58887037463,elease.ferry@koepp.name,Elease,Ferry,
bdaeab98-9819-4d57-81b1-097c36116c8e,klocko_crystle@sauer.biz,Crystle,Klocko,
beb61f85-78c2-425d-989b-568e93b7d0f3,janay_mcclure@christiansen.io,Janay,McClure,
ccaa4ae4-0510-4fdb-8466-817bae637c9a,vince.macejkovic@will.net,Vince,Macejkovic,
4be8db4b-82ab-4c69-aed8-04be489bfabb,reichel_hildred@pouros-homenick.biz,Hildred,Reichel,
4222e2d9-1fb9-4945-8c7b-a7d01af17751,goodwin_oscar@marquardt.name,Oscar,Goodwin,
76e7ccec-6672-420f-b344-27b717046300,waters_elwood@zieme.biz,Elwood,Waters,
64f72281-5f6f-4732-a988-cafa20ec3cb7,schowalter.merrie@schimmel.io,Merrie,Schowalter,
6261e48a-8a92-47f0-82f2-2f24828da945,buford_kertzmann@morar.co,Buford,Kertzmann,
14b70b26-61a0-4171-9456-aa9663b7918e,romeo_welch@lehner-reinger.biz,Romeo,Welch,
8a0e24c5-cfc4-404a-85cf-444f77944be4,blick.cori@kemmer.co,Cori,Blick,
92f7b0ac-82f7-4585-9edf-2045b6bb9a63,kon_o_titus@dare.net,Titus,O'Kon,
b69f9589-ec9b-4207-bead-e56a8b192552,crist_sally@zemlak.name,Sally,Crist,
70084e5c-b496-41ed-9595-9ebed0a35491,jade_stroman@olson-kozey.com,Jade,Stroman,
6b2238b4-2692-433f-af68-31ac9e3588e6,keeling_alden@turcotte.net,Alden,Keeling,
dcb48c96-b208-49e4-b705-03c4d8cd2084,kuhlman.lyndsay@jacobson.org,Lyndsay,Kuhlman,
2ab89962-71c1-4fa5-88e0-f9844ccaa07c,batz_eulah@powlowski-breitenberg.io,Eulah,Batz,
88a94d93-69cb-4e8e-ac5c-ad0c6c002f53,simonis_gennie@gleason-abernathy.name,Gennie,Simonis,
628ac0df-11f8-427e-bbc1-5f23ea257185,weldon.hauck@morissette-boyle.biz,Weldon,Hauck,
17086663-cfce-431d-9a2e-90d5be46bc62,clyde_cole@gottlieb-torp.net,Clyde,Cole,
fc7f9084-1e74-4589-89e1-d391c335dc4e,santos.dibbert@lynch-hilll.biz,Santos,Dibbert,
05512359-12f2-49cc-be5a-b35ebe08099a,greenfelder.elane@schowalter-feil.net,Elane,Greenfelder,
7cc81235-0671-4855-92b3-6c04b7ecc1c7,cole_berta@lehner-connelly.co,Berta,Cole,
a4534ef3-80fa-4ef5-b3bc-34dfffd825ea,harber.harley@wiegand.org,Harley,Harber,
062e63aa-6ff0-43d9-afca-39f5449be669,frami_karoline@ankunding.com,Karoline,Frami,
2eddc415-d604-4d04-bea0-3585ae4fc867,feil.hank@haley-satterfield.org,Hank,Feil,
420c0318-7297-47be-a7fd-9cb48128ecaf,eldon_tromp@keeling.name,Eldon,Tromp,
989ec118-01e4-4feb-89ee-580ffa3782f4,cyrstal_tromp@marquardt-graham.biz,Cyrstal,Tromp,
4b581fdc-5e22-448f-822b-ae5cede0ea6a,erdman.jasper@mayert-wisoky.net,Jasper,Erdman,
975de28a-731c-4303-af27-f98e368bee19,thompson.agripina@kuhic.name,Agripina,Thompson,
62dac9fc-cd30-45ce-b31b-116149490b4c,rohan.genaro@blanda-ernser.info,Genaro,Rohan,
19f67e9e-2f54-4c60-945f-2da4a5e1b9e0,fay_tomas@schowalter.com,Tomas,Fay,
a614f05c-9e06-4ea5-a7f9-71e4fa0bdbf2,brook.ritchie@stiedemann.com,Brook,Ritchie,
371b8eb2-a25e-435f-9c8f-333773c9dfcf,gerlach_mauro@king-jenkins.com,Mauro,Gerlach,
31788712-ac3b-44b9-9b47-a1128405bbd1,ledner_natividad@bechtelar.info,Natividad,Ledner,
a02fb385-cd94-4979-a11f-39a81da2ca83,shawn_lind@langosh-will.io,Shawn,Lind,
5b5c3552-f175-446e-bd29-f1755ee94b04,collier_shenika@legros.org,Shenika,Collier,
9527a076-57b8-4253-ba61-454a1dc326e4,buck.macejkovic@connelly-herzog.net,Buck,Macejkovic,
6c8f31f9-ddb2-4987-966a-76c06ddf4500,cormier_alfonzo@dibbert.co,Alfonzo,Cormier,
075b802d-e779-4013-bd9c-a72e233155d9,earlean_lebsack@quigley.info,Earlean,Lebsack,
794ae6f9-408a-4d50-9b2c-35799d1402ea,white_marty@dicki-nitzsche.co,Marty,White,
8dc6061f-72e9-4137-ba2b-df717cbc99ce,leffler_joanne@steuber.net,Joanne,Leffler,
3b6762f1-0e66-45b8-b067-dd652a7f0945,marinda.bogisich@hauck.biz,Marinda,Bogisich,
ea01860f-39ae-46b9-900b-fff0c8a95cc8,ethelene_tillman@kutch-kling.net,Ethelene,Tillman,
7d8dc83a-341d-43d8-8cb7-39da2e9055ad,fatimah.thiel@bergnaum.biz,Fatimah,Thiel,
db008b1d-23e1-4f15-abcc-ffba1344c346,bruen.francisco@schiller.io,Francisco,Bruen,
180a37ba-b815-400b-8bc1-d2465ff91956,lakin_dovie@schulist-sawayn.info,Dovie,Lakin,
e1e94594-b801-433e-98ec-2a2b4a0842c4,fairy_larson@barrows.net,Fairy,Larson,
3a49f3ed-c805-4025-aac6-ad79f7d8d8a3,price.oscar@fadel.net,Oscar,Price,
4b767f3e-2f42-4600-8f33-9dc26a2272d8,nicolette.smitham@jerde-bernhard.biz,Nicolette,Smitham,
c982cf73-8203-473f-a653-139dcf03078e,ankunding_siobhan@jones-mann.name,Siobhan,Ankunding,
db8a9844-2221-47a0-8550-ef0ec21e62e3,irving_ernser@batz.info,Irving,Ernser,
ef1c7515-045c-4a0f-89ad-7b833e542607,bert_schowalter@rohan.co,Bert,Schowalter,
e6ae5888-2c3c-4bf7-942d-2e3e807e3cfc,peter.mcglynn@ortiz-smitham.net,Peter,McGlynn,
879bb8c9-a834-43d6-852e-98fc45467431,kuphal.prudence@mante.biz,Prudence,Kuphal,
b3982c6c-2e83-4ed8-a2a9-f406463a4894,earnest_vandervort@okuneva.org,Earnest,Vandervort,
2b6a1d79-df35-4462-bd24-f1176140609c,senger.charlene@upton.org,Charlene,Senger,
ce79c80f-3a77-4234-8240-66a00d65f80d,dominick.sanford@mccullough.org,Dominick,Sanford,
df5041c7-3357-4a3d-bde7-1f0e976fdf55,beatty_phillis@krajcik.net,Phillis,Beatty,
79ebd1ef-7a5d-4438-94dc-b37e75324504,quinn_cormier@wisozk.net,Quinn,Cormier,
2513ce1a-c6fb-4b9d-87f3-a5d0e2905da0,mayert.ammie@beier.com,Ammie,Mayert,
07557d94-5304-4c05-bc2c-4bea755463e5,carter.rick@wilderman.co,Rick,Carter,
18e3ffee-5289-46bc-9e18-0a9769ab005f,herb.willms@howell.co,Herb,Willms,
661e6ebc-a7b0-4652-9204-12ffe886233b,kiehn_roberto@hand-berge.net,Roberto,Kiehn,
94bf4037-436e-4dda-badc-bd9ce90cefb3,considine.kandi@bahringer-hartmann.org,Kandi,Considine,
46c8e782-ff61-453c-b418-1088607d965d,alejandrina.conroy@hermiston.biz,Alejandrina,Conroy,
f59b9bac-7b09-4467-bbcb-a5a6ccfcb101,loan_tromp@lehner-west.co,Loan,Tromp,
365a26a3-7d14-4e11-b41e-36b500b7c3e6,bartoletti_alonzo@kerluke.net,Alonzo,Bartoletti,
8ddfa55a-df1c-4a18-8500-4a7e9d07049c,senaida_ward@predovic-koelpin.net,Senaida,Ward,
b7f36ded-1dc1-49cf-a874-04cf8e275600,trantow.lashaunda@casper.com,Lashaunda,Trantow,
2a6b507f-e11f-456a-846d-d5d3b473a69d,elias.hansen@fisher-fisher.co,Elias,Hansen,
ffd43f24-ef0e-4e60-af46-b2834fde66e4,leannon_gustavo@brekke.co,Gustavo,Leannon,
65148a87-f87b-44be-aef5-f97ccb12e786,renner_sandy@jacobson-thompson.com,Sandy,Renner,
d9e9ccf7-f1d3-4f85-9a35-a5d5c4317327,janae_rosenbaum@raynor.net,Janae,Rosenbaum,
def34b86-c6b0-4329-94f9-f0a1d0791c73,adena_crooks@ward-harris.org,Adena,Crooks,
8d248102-a409-4e7c-a4de-1c234ab17079,courtney.orn@mcclure-oreilly.io,Courtney,Orn,
27beebd5-03f4-4bb0-aac6-2bec13c8e082,julian_kirlin@zboncak.info,Julian,Kirlin,
098f585a-5607-4a00-85d9-9f6724d949fb,kim_wuckert@klocko.com,Kim,Wuckert,
10bd49f3-839a-448c-b084-85fe6c18aa27,jacinto.bergstrom@lynch-witting.org,Jacinto,Bergstrom,
60504cd0-9c06-441f-9a35-d3f05a91efc6,alfredo.lebsack@zulauf.com,Alfredo,Lebsack,
b89185af-e63a-40d7-bb27-29416326410f,herzog_jerald@macejkovic.org,Jerald,Herzog,
96f6d6c5-5ee6-40de-902a-6a6cfdc9dc01,jamar.bartoletti@wiegand.biz,Jamar,Bartoletti,